,user_id,milk,sour_milk,curd,cheese,oil,fruits,dried_fruits,vegetables,legumes,eggs,meat,fish,farinaceous_food,cereals,soups,juices,tea,coffee,soda,water,alcohol,sweets
0,54-101-001-01,0,3,1,2,3,3,1,3,3,3,5,1,5,3,3,2,6,3,0,6,1,3
1,54-602-024-01,0,2,2,2,3,2,5,4,1,5,5,2,4,2,2,2,4,1,1,5,1,4
2,54-601-020-01,0,5,3,4,5,5,3,5,2,3,5,3,3,5,3,0,3,5,0,5,2,3
3,54-701-021-01,0,0,0,0,0,0,0,0,0,0,0,0,0,0,0,0,0,0,0,0,0,0
4,54-504-035-01,1,3,3,2,3,4,2,5,0,3,3,2,6,3,3,3,6,0,0,6,0,4
5,54-504-009-01,3,3,3,2,5,7,0,5,0,2,5,3,3,1,5,0,6,0,0,6,0,6
6,54-502-001-01,5,3,3,6,6,5,3,4,1,6,6,3,8,3,3,2,5,7,0,5,1,7
7,54-602-040-01,6,3,2,1,5,5,1,5,0,2,2,2,6,6,2,1,6,5,0,6,0,5
8,54-504-003-01,2,2,1,0,5,4,2,3,1,2,3,1,6,3,3,2,0,0,0,7,0,6
9,54-504-002-01,0,3,3,3,5,5,2,5,2,3,3,2,5,2,5,2,7,6,0,0,0,5
10,54-504-032-01,1,3,1,3,3,4,1,3,2,3,3,1,6,3,2,0,6,0,0,7,0,2
11,54-504-036-01,3,3,1,3,5,5,0,5,2,4,4,3,6,4,3,5,6,0,0,7,0,5
12,54-504-028-01,0,1,0,0,3,3,0,2,1,2,2,1,5,4,3,2,6,5,0,4,0,1
13,54-702-018-01,1,2,2,2,6,5,1,5,3,3,5,2,6,6,5,0,8,3,0,6,0,5
14,54-502-012-01,0,8,3,3,3,5,0,5,0,6,6,4,7,4,0,2,6,0,0,8,0,8
15,54-601-004-02,3,5,1,3,3,6,1,4,0,3,6,2,7,2,3,3,7,0,0,8,0,7
16,54-503-018-01,0,3,3,4,4,4,0,5,0,3,3,2,5,3,1,1,6,6,0,6,2,2
17,54-502-006-02,0,5,5,5,5,4,0,5,1,1,5,2,5,2,2,1,6,0,0,0,0,2
18,54-702-026-01,0,3,2,0,3,3,2,4,0,1,3,2,5,2,2,2,6,3,1,6,0,3
19,54-601-056-01,3,4,3,3,4,5,2,5,2,2,3,3,6,3,4,3,6,0,0,6,0,5
20,54-601-055-01,3,5,3,0,2,6,0,5,0,3,5,2,5,5,3,0,5,0,0,8,0,6
21,54-601-052-01,0,2,2,0,2,5,0,4,1,2,5,3,5,2,3,1,5,0,0,5,0,5
22,54-503-004-01,5,3,3,5,5,5,1,5,0,1,2,1,5,5,2,0,6,5,0,7,0,0
23,54-503-021-01,0,4,1,1,3,4,0,3,1,2,2,2,3,3,2,0,3,4,0,7,0,3
24,54-502-008-01,5,2,2,5,5,3,3,3,1,3,3,3,5,2,3,2,6,5,0,7,1,3
25,54-503-006-01,1,4,1,5,5,7,0,3,0,4,4,1,4,5,2,0,6,0,0,6,2,3
26,54-601-051-01,1,2,1,1,4,5,1,6,0,1,4,1,6,4,2,0,6,5,0,0,0,4
27,54-601-004-01,5,5,2,5,5,5,0,5,1,3,3,1,6,3,3,2,5,6,0,6,0,2
28,54-701-024-02,0,5,1,5,5,4,2,4,3,4,4,3,5,3,3,2,6,5,0,5,0,0
29,54-701-037-01,1,4,3,3,4,4,3,4,3,4,4,2,4,3,3,0,4,4,0,4,1,4
30,54-701-020-01,5,3,1,1,4,5,0,4,3,4,4,1,5,4,3,4,6,5,4,5,0,5
31,54-701-035-01,2,2,2,3,3,5,0,5,2,4,4,2,5,3,3,2,6,5,0,6,0,3
32,54-701-034-01,5,4,1,6,6,3,0,4,0,4,4,3,5,3,4,0,1,0,0,7,2,5
33,54-701-029-01,1,2,2,3,3,2,2,4,0,2,3,2,6,4,3,1,4,4,0,6,0,4
34,54-601-030-02,0,3,2,3,4,3,1,3,2,2,3,2,3,2,2,1,5,4,1,6,1,4
35,54-601-030-04,3,3,2,3,3,3,1,3,1,3,3,2,7,2,3,0,0,7,0,5,0,5
36,54-601-033-01,5,3,2,5,5,6,1,5,2,5,5,1,6,2,3,2,6,0,0,6,0,6
37,54-601-033-02,3,3,1,3,3,3,1,3,2,1,2,0,2,2,2,0,6,0,1,6,0,2
38,54-601-043-01,0,3,1,0,3,2,0,3,1,1,3,1,5,3,2,0,5,6,0,4,0,3
39,54-601-034-02,0,2,0,0,3,5,0,3,0,2,3,0,6,1,3,2,6,6,0,6,1,5
40,54-002-015-01,2,2,2,6,8,8,1,8,1,8,8,2,3,3,2,2,8,3,0,8,1,8
41,54-601-041-01,5,5,3,5,5,6,2,4,1,3,3,3,7,3,3,1,5,3,0,7,2,5
42,54-002-103-01,0,5,5,0,5,8,0,5,1,5,5,1,3,2,2,0,6,0,0,8,0,7
43,54-002-172-01,3,3,3,3,3,3,3,3,1,1,3,1,3,1,2,2,5,3,0,6,0,3
44,54-602-026-02,3,3,2,3,3,4,1,3,0,2,3,2,5,4,2,1,6,3,0,6,1,2
45,54-701-037-02,1,5,2,4,5,5,2,5,3,3,3,3,6,3,3,2,6,0,0,6,0,5
46,54-602-035-01,1,5,2,0,5,4,2,4,1,4,4,3,4,3,3,3,6,6,0,6,3,6
47,54-602-057-01,1,3,2,5,5,5,0,4,0,3,5,1,5,2,4,2,5,5,1,0,0,4
48,54-602-048-01,5,5,2,2,5,5,4,5,2,1,2,2,3,2,3,0,5,5,0,5,0,5
49,54-103-001-01,2,4,3,2,4,6,3,5,1,3,3,2,5,2,1,1,5,5,0,7,0,3
50,54-602-058-01,5,3,1,0,5,3,0,5,2,5,5,1,5,1,3,0,0,5,0,7,1,5
51,54-602-049-01,0,6,5,2,5,6,0,5,1,3,5,0,8,3,3,0,8,0,0,6,0,5
52,54-103-002-01,1,3,3,5,5,5,5,5,1,2,5,3,6,2,3,5,0,5,0,6,0,5
53,54-103-003-01,5,5,3,5,5,6,0,6,1,4,4,1,6,3,3,0,5,5,0,5,0,4
54,54-701-032-01,0,3,2,5,5,5,1,3,1,3,5,2,6,2,5,1,5,5,0,6,0,6
55,54-602-051-01,0,3,1,3,5,5,0,5,0,2,6,3,6,2,6,2,7,0,0,6,0,4
56,54-602-059-01,0,3,1,3,3,5,3,3,1,5,5,2,6,3,3,1,5,6,0,6,1,6
57,54-602-060-01,2,6,3,3,3,3,0,5,0,3,3,1,6,3,3,1,6,0,0,5,1,3
58,54-701-033-02,2,2,1,2,3,3,0,3,0,3,3,2,6,2,3,3,6,5,0,6,2,4
59,54-602-053-01,0,2,1,0,4,1,0,3,0,0,3,1,3,3,2,2,4,3,0,7,1,0
60,54-602-039-01,0,6,2,0,5,6,5,5,1,1,3,2,6,3,3,0,0,7,0,7,0,8
61,54-602-062-01,5,5,2,5,5,6,2,4,1,2,5,2,6,2,2,1,8,0,0,7,0,7
62,54-602-054-01,1,2,1,1,3,3,2,4,3,2,3,2,1,3,2,0,7,6,0,5,0,2
63,54-602-002-01,1,5,2,5,5,5,2,5,2,2,5,2,5,5,3,5,6,5,0,5,1,7
64,54-602-038-01,0,3,2,1,5,5,1,5,1,2,3,3,6,3,6,4,7,0,0,5,1,5
65,54-602-055-01,2,3,2,2,2,6,2,5,2,2,3,2,6,3,3,2,5,2,0,5,0,5
66,54-601-012-02,8,4,2,2,2,2,2,2,2,2,2,2,8,2,2,3,2,8,0,8,2,8
67,54-103-004-01,1,3,3,2,5,5,0,2,1,2,3,2,2,3,2,2,0,0,0,7,1,2
68,54-103-006-02,1,3,3,3,4,5,3,4,0,2,3,2,5,5,3,3,0,5,0,5,0,2
69,54-103-007-01,0,3,3,1,4,3,0,3,3,2,2,2,2,3,3,1,3,0,0,1,0,2
70,54-701-033-01,1,2,1,3,3,2,1,3,0,2,2,2,5,2,2,0,5,5,0,5,0,5
71,54-601-011-01,2,4,4,0,4,5,3,6,1,5,5,3,6,3,3,0,5,6,0,6,0,3
72,54-602-056-01,3,3,3,3,6,5,2,6,2,1,5,3,7,3,3,0,6,1,0,5,0,6
73,54-601-013-01,5,5,5,3,5,5,0,5,1,5,5,2,6,2,3,0,5,7,0,6,1,5
74,54-701-028-01,1,3,3,3,4,5,2,5,1,4,4,3,5,5,3,3,5,0,0,5,0,5
75,54-602-035-02,3,5,4,5,6,5,0,4,2,4,4,3,6,3,2,0,6,0,0,5,3,3
76,54-601-016-01,0,3,3,1,3,6,1,4,3,3,3,2,5,2,3,0,5,1,0,6,1,3
77,54-601-017-02,2,2,1,2,2,1,0,2,0,2,2,1,7,1,2,1,7,2,0,6,2,2
78,54-602-036-01,2,3,1,3,3,3,1,3,3,3,3,3,3,4,3,4,5,5,0,4,0,2
79,54-602-034-01,0,5,0,3,5,6,0,5,2,2,4,3,6,2,4,5,5,6,0,8,3,6
80,54-602-037-01,5,0,2,3,3,5,1,5,1,0,3,2,1,5,2,0,5,0,0,0,0,5
81,54-602-041-01,2,4,2,3,6,5,0,5,3,3,3,1,3,1,3,1,7,6,0,6,0,4
82,54-602-042-01,2,1,0,2,3,4,2,5,2,3,5,3,5,3,3,0,7,0,0,7,0,5
83,54-602-044-01,6,6,2,3,5,6,1,5,1,1,3,2,6,1,2,1,2,5,0,2,0,5
84,54-602-047-01,5,3,2,2,3,3,2,3,2,2,3,2,4,3,3,1,3,5,0,2,0,3
85,54-601-009-02,3,4,4,3,6,5,1,5,1,6,6,2,5,3,3,0,8,3,0,7,1,3
86,54-601-010-02,0,3,1,0,5,4,0,5,1,2,4,3,5,1,5,4,6,5,0,6,0,5
87,54-601-011-02,0,3,3,0,5,5,2,5,1,3,5,4,5,5,3,0,5,0,0,3,0,5
88,54-601-015-02,2,3,2,3,5,5,0,5,2,3,3,2,6,2,3,3,6,6,0,7,3,5
89,54-601-050-01,3,3,2,2,3,5,0,3,1,3,3,2,6,3,2,0,6,0,0,5,1,6
90,54-601-019-01,5,5,3,1,3,2,2,5,5,4,4,3,5,3,5,2,5,5,0,0,0,5
91,54-601-005-02,0,2,0,2,3,2,2,3,1,3,6,2,4,2,4,2,6,0,0,5,2,6
92,54-601-006-01,1,3,2,3,5,5,3,4,3,3,3,3,5,4,3,0,6,6,0,5,1,6
93,54-601-029-01,0,4,1,4,5,6,2,5,3,3,3,2,6,2,2,0,0,5,0,8,0,3
94,54-701-019-01,3,3,1,1,6,5,1,4,0,2,5,1,7,3,2,2,6,0,0,8,0,8
95,54-601-027-01,1,3,0,2,5,6,0,5,0,3,5,1,6,1,2,0,5,6,1,8,2,8
96,54-601-028-02,0,5,5,1,2,5,3,5,0,5,5,2,5,2,5,0,5,0,0,5,2,5
97,54-602-030-01,3,4,3,0,5,4,0,4,1,1,3,2,3,1,3,3,2,1,0,2,0,3
98,54-602-014-01,1,2,2,3,3,4,0,2,1,4,4,2,6,3,3,0,6,5,0,7,0,3
99,54-602-013-01,0,3,3,5,5,5,2,5,0,5,5,2,6,3,3,3,5,0,0,5,1,2
100,54-701-024-01,0,1,1,1,4,2,1,2,2,1,2,2,2,2,2,0,5,5,0,5,0,2
101,54-601-008-01,0,3,1,1,3,5,0,4,1,1,5,1,5,1,3,6,6,2,0,6,1,3
102,54-701-023-01,1,5,0,0,2,5,0,5,2,3,3,0,6,5,1,0,5,0,0,0,0,5
103,54-701-022-01,3,4,1,3,7,4,1,4,3,4,4,3,5,3,3,3,5,3,0,6,1,5
104,54-701-011-01,1,3,1,3,3,5,0,5,0,1,3,3,5,3,3,1,6,0,0,6,1,3
105,54-701-014-01,2,3,3,3,4,4,1,4,3,3,3,1,3,3,2,3,5,1,0,6,1,5
106,54-602-006-01,2,3,2,2,5,3,3,8,3,3,3,3,3,3,3,1,5,8,0,8,2,8
107,54-701-016-01,3,2,1,5,5,7,6,5,1,6,6,3,6,5,2,1,6,7,0,2,4,6
108,54-701-017-01,0,0,0,0,3,3,1,5,2,0,0,1,5,3,5,0,0,0,0,8,0,0
109,54-602-033-01,0,1,1,5,5,5,0,4,0,3,3,2,4,1,2,2,6,0,0,6,1,3
110,54-602-032-01,3,5,1,5,5,2,0,3,1,3,3,3,8,2,2,6,6,6,0,8,2,7
111,54-701-018-01,0,3,3,3,4,4,1,3,1,3,4,3,3,3,3,2,3,0,0,0,1,1
112,54-602-005-01,1,5,3,5,5,5,2,5,2,3,3,3,3,3,2,1,6,5,0,6,1,3
113,54-602-004-01,0,5,5,5,5,5,3,5,3,0,3,3,5,3,5,0,7,5,0,6,1,6
114,54-701-036-01,0,4,3,0,3,4,3,4,2,3,3,2,4,2,2,2,4,4,0,4,1,4
115,54-701-031-01,0,5,3,5,5,7,2,5,1,0,3,3,6,2,3,0,6,5,0,7,0,7
116,54-701-013-01,0,5,2,5,5,5,0,5,1,2,5,1,5,2,3,2,6,6,0,6,1,5
117,54-602-031-01,0,5,1,3,4,6,1,5,0,0,1,2,3,3,3,1,3,1,0,8,3,6
118,54-701-039-01,0,5,5,0,2,4,0,5,0,1,5,1,6,2,4,3,0,6,0,6,0,5
119,54-701-018-02,1,5,3,4,4,5,3,5,0,3,4,2,6,3,3,2,0,6,0,0,0,5
120,54-701-015-01,0,6,1,5,5,5,1,2,2,2,3,2,7,5,3,1,6,0,0,8,0,7
121,54-602-026-01,2,3,3,4,5,5,1,5,2,2,3,2,6,3,2,3,6,5,0,6,1,3
122,54-701-041-01,5,5,1,5,5,5,1,3,1,3,5,2,5,2,2,0,5,6,0,5,1,5
123,54-701-014-02,3,5,3,4,4,3,1,3,2,5,6,5,5,2,5,2,6,0,0,5,1,4
124,54-602-008-01,0,5,3,1,5,5,0,5,2,5,6,3,6,4,5,0,7,3,0,8,1,3
125,54-701-012-01,1,5,0,0,5,3,2,5,2,3,3,3,6,3,3,0,0,0,0,6,0,3
126,54-701-012-02,0,2,3,3,5,5,1,5,1,3,3,1,7,3,3,0,6,5,0,6,1,7
128,54-602-025-01,0,0,5,3,5,5,2,5,1,2,5,2,2,2,2,1,2,5,0,7,3,5
129,54-701-011-02,4,5,1,5,5,6,2,4,1,3,5,2,7,3,2,2,7,3,4,8,2,6
130,54-602-010-01,2,3,2,1,2,3,0,3,2,3,3,2,5,3,2,0,5,5,0,6,1,1
131,54-701-030-01,0,3,5,5,5,5,1,5,1,1,4,1,6,5,3,5,6,0,0,6,0,2
132,54-701-008-01,1,1,1,2,5,4,0,4,1,3,3,2,5,2,3,0,6,1,0,7,0,3
133,54-602-015-01,0,5,3,1,2,6,0,5,1,3,3,2,6,3,1,0,6,6,0,7,0,6
134,54-102-003-01,3,5,2,1,5,5,2,5,1,2,5,1,5,5,3,0,6,0,0,6,0,5
135,54-701-027-01,0,3,1,3,3,5,0,5,0,2,3,0,6,3,3,0,6,3,0,7,0,5
136,54-701-026-01,5,5,2,5,5,6,0,5,1,1,3,3,6,5,2,0,6,0,0,6,0,6
137,54-701-025-01,1,3,4,1,4,4,0,4,0,4,4,2,4,3,2,0,6,5,0,6,0,4
138,54-701-045-01,0,5,5,5,5,5,0,3,0,2,5,2,6,3,3,2,6,0,0,5,2,5
139,54-701-046-01,3,4,3,3,5,5,0,5,2,3,5,1,6,3,3,3,6,0,0,6,0,3
140,54-701-004-01,0,1,2,0,3,2,2,3,0,1,3,2,4,3,2,2,6,0,0,6,0,4
141,54-701-047-01,3,5,3,3,3,5,0,5,1,3,3,2,6,4,2,3,0,2,0,7,0,7
142,54-701-005-01,0,3,3,1,3,5,2,5,2,0,5,3,6,3,3,0,6,0,0,5,0,1
143,54-701-048-01,2,5,0,3,4,4,4,5,2,4,4,2,4,4,1,2,5,0,0,7,0,4
144,54-102-014-02,0,5,0,5,5,5,0,3,1,2,5,2,5,2,3,1,7,2,0,8,0,3
145,54-102-021-01,2,3,3,1,5,3,0,4,3,3,3,2,3,3,3,3,5,1,3,3,0,3
146,54-102-026-01,1,3,2,3,4,7,0,6,0,3,3,1,6,2,2,1,7,2,0,6,3,7
147,54-701-002-01,5,5,2,3,3,5,3,3,1,2,3,2,7,3,2,1,7,2,0,5,0,5
148,54-701-003-01,0,3,3,3,3,5,0,5,2,3,3,2,3,3,2,0,7,5,0,7,0,5
149,54-701-006-01,2,2,0,2,3,2,2,3,1,4,4,2,5,1,2,0,5,5,0,1,1,5
150,54-701-007-01,5,2,1,3,3,3,0,5,1,0,2,2,5,2,1,0,5,6,0,5,1,5
151,54-702-036-01,0,3,1,2,4,4,2,4,3,1,3,2,3,3,3,0,5,3,0,0,0,2
152,54-702-038-01,4,2,2,1,3,3,2,3,1,1,2,1,6,2,2,1,6,0,0,7,0,4
153,54-702-037-01,1,3,2,2,5,3,1,3,1,2,3,1,3,2,2,0,6,2,0,7,1,3
154,54-702-004-01,0,1,2,1,3,6,1,4,1,2,3,2,6,5,3,0,7,1,0,8,1,5
155,54-702-035-01,3,5,3,5,5,5,5,5,1,3,3,3,6,3,3,3,6,5,0,7,0,3
156,54-702-033-01,1,3,2,2,3,4,1,4,2,2,2,3,6,3,3,2,3,0,0,3,0,5
157,54-701-009-01,3,0,3,3,3,5,3,4,3,6,6,3,3,3,3,0,6,6,0,7,2,7
158,54-701-010-01,0,6,3,1,2,6,0,3,1,5,6,2,1,4,3,0,6,6,0,8,1,6
159,54-702-031-01,3,5,3,3,4,6,3,4,1,3,3,3,6,2,2,2,6,1,0,6,0,5
160,54-702-027-01,3,5,1,5,5,6,3,4,0,5,5,2,6,2,1,1,6,0,0,6,1,4
161,54-702-007-01,6,6,6,1,3,6,0,4,4,1,4,4,3,3,4,1,1,1,0,1,0,6
162,54-702-025-01,5,6,5,5,5,7,1,5,1,3,5,3,6,3,3,5,7,0,0,7,2,6
163,54-702-008-01,5,2,2,5,5,6,1,5,1,0,3,2,6,5,3,0,6,6,0,8,0,5
164,54-702-011-01,0,3,3,5,5,5,3,5,0,5,5,3,6,3,3,0,5,3,0,7,1,3
165,54-702-013-01,5,3,3,5,5,5,1,5,1,3,3,1,5,2,3,0,6,6,0,6,1,6
166,54-702-024-01,0,4,0,3,5,5,2,5,1,5,5,5,5,3,2,0,8,0,0,0,0,3
167,54-702-012-01,2,5,1,1,5,5,1,5,5,3,3,1,6,2,2,2,6,6,0,6,1,3
168,54-702-010-01,5,5,0,6,6,6,0,6,0,5,5,1,7,3,3,0,5,7,0,7,0,7
169,54-501-057-01,3,3,1,3,3,3,1,5,1,1,4,2,5,3,3,1,6,1,0,6,1,5
170,54-501-058-01,3,2,1,0,1,5,2,5,0,3,5,3,6,5,3,5,6,0,0,6,0,8
171,54-501-065-01,5,5,1,5,5,6,0,5,1,5,5,3,5,1,2,3,6,6,5,5,0,7
172,54-702-022-01,5,5,3,4,5,6,3,5,2,5,5,3,6,4,3,5,5,5,0,6,1,5
173,54-501-066-01,3,3,3,3,3,6,5,5,2,2,4,2,7,3,3,0,1,0,0,8,4,5
174,54-602-011-01,1,3,2,2,2,3,1,3,0,3,3,3,5,3,3,0,5,5,0,6,1,2
175,54-501-067-01,0,5,5,6,6,5,1,5,1,5,7,2,5,2,2,0,5,5,0,7,0,7
176,54-501-068-01,3,6,0,0,2,4,0,4,0,3,4,1,5,1,1,0,6,0,0,5,0,7
177,54-501-069-01,0,2,2,1,2,2,0,5,2,5,5,3,5,2,2,2,5,0,0,5,0,1
178,54-501-071-02,1,6,0,1,5,5,1,6,6,3,5,3,6,5,3,0,7,5,0,3,1,6
179,54-601-025-01,3,5,2,3,3,3,0,5,1,1,5,5,6,3,3,1,6,5,0,7,0,8
180,54-601-021-02,1,3,3,1,1,2,0,3,1,3,3,1,3,2,2,0,5,6,0,6,1,1
181,54-501-072-01,0,6,2,4,5,5,0,4,2,6,6,2,5,2,2,0,6,5,0,7,1,6
182,54-501-075-01,0,5,3,0,5,6,1,5,1,6,6,3,7,3,5,5,7,0,0,8,0,7
183,54-501-073-01,2,5,3,2,3,5,1,5,5,5,5,3,5,5,5,5,5,5,0,5,0,6
184,54-501-076-01,3,3,2,3,3,5,3,5,0,3,3,2,6,3,3,3,7,0,0,6,1,7
185,54-103-007-02,0,3,3,5,5,5,1,5,1,3,3,3,5,3,2,2,8,0,0,0,1,5
186,54-103-010-01,1,2,1,3,4,5,0,3,0,4,6,3,3,2,1,1,6,0,0,8,1,2
187,54-501-055-01,0,1,1,1,5,4,0,2,0,5,5,3,3,2,1,0,6,5,0,6,1,5
188,54-103-009-01,3,5,3,6,6,6,1,3,0,3,3,3,3,3,1,2,6,6,0,5,0,7
189,54-103-008-01,3,5,3,2,3,5,0,5,0,4,4,3,6,5,3,2,3,0,0,4,0,3
190,54-501-080-01,0,4,1,3,3,5,1,4,1,5,5,1,6,2,2,3,6,7,0,3,2,6
191,54-501-079-01,5,5,3,5,5,5,3,3,2,2,3,2,6,2,2,0,6,5,0,5,2,2
192,54-501-051-01,0,3,2,3,3,5,2,5,0,2,3,2,5,2,1,2,6,0,0,5,0,2
193,54-501-056-01,1,2,2,3,3,6,0,5,5,3,3,2,7,2,3,6,6,5,0,5,2,2
194,54-501-077-01,3,3,2,3,5,3,1,3,1,2,2,1,4,4,3,1,6,0,0,6,0,5
195,54-501-052-01,5,3,2,3,5,5,5,5,0,3,4,2,6,3,2,4,7,5,0,8,1,7
196,54-501-053-01,5,5,3,0,5,6,1,6,3,4,5,2,6,2,3,1,6,5,0,5,1,6
197,54-501-003-01,5,6,2,3,6,7,3,5,3,2,3,2,6,3,6,0,6,7,0,8,1,5
198,54-501-042-01,2,1,0,1,5,6,0,4,0,1,5,3,7,1,3,1,3,0,0,6,2,1
199,54-501-044-01,5,3,2,3,5,5,3,5,1,0,5,1,6,2,3,0,6,5,0,6,0,6
200,54-501-041-01,0,5,5,5,5,5,2,5,1,2,3,1,5,2,2,2,5,3,0,7,1,5
201,54-501-047-01,3,2,0,0,2,3,0,3,1,2,2,1,6,3,5,0,6,0,0,8,0,5
202,54-501-045-01,0,0,0,1,5,5,0,5,0,3,3,0,5,1,4,1,6,5,0,8,0,1
203,54-102-037-01,0,2,2,4,4,5,0,3,0,2,2,2,6,3,1,1,5,3,0,6,1,3
204,54-501-045-02,1,0,1,1,5,5,0,4,1,3,5,2,5,3,4,2,6,1,0,7,1,6
205,54-102-051-01,0,5,1,3,3,7,1,6,3,3,3,1,7,5,3,0,7,0,0,8,0,7
206,54-501-040-02,5,2,2,5,5,5,1,3,0,0,3,1,6,3,3,2,7,0,0,6,1,3
207,54-501-009-01,6,0,0,5,6,5,3,5,2,0,3,3,8,3,5,0,7,5,0,8,0,8
208,54-102-072-01,2,2,0,0,1,4,0,3,2,2,2,1,5,1,2,3,6,0,1,6,1,6
209,54-501-050-01,2,0,2,0,5,5,1,4,4,3,5,2,6,3,3,0,6,2,0,2,0,5
210,54-102-126-01,2,3,3,0,4,4,1,5,3,1,2,0,5,5,3,4,5,0,0,3,0,3
211,54-102-033-02,5,6,0,5,5,5,0,5,0,3,3,2,6,3,3,0,6,2,0,7,3,3
212,54-501-040-01,1,2,3,4,5,5,1,5,1,1,4,3,6,5,2,2,5,6,0,7,1,7
213,54-501-049-01,0,6,5,6,6,6,5,5,1,5,5,3,5,5,3,5,8,5,0,7,0,6
214,54-102-206-02,0,5,1,5,6,5,6,5,2,5,5,2,6,2,2,2,6,6,0,7,0,6
215,54-501-039-03,3,3,1,5,5,5,1,5,2,3,5,3,5,2,5,3,5,3,0,5,0,5
216,54-102-167-02,6,5,3,4,4,5,0,5,5,3,5,4,5,4,2,3,2,5,1,5,0,6
217,54-501-009-02,0,0,0,1,5,3,1,3,0,3,3,2,6,2,3,0,2,2,7,2,1,5
218,54-102-156-02,0,5,0,5,5,6,1,3,2,3,3,2,4,3,2,0,7,0,0,5,1,2
219,54-601-023-01,0,5,1,1,5,4,0,5,2,2,5,2,5,4,2,2,5,5,4,5,0,5
220,54-102-054-02,0,3,0,0,2,6,0,5,0,0,6,2,5,1,3,5,6,5,1,7,3,6
221,54-501-008-02,5,0,0,1,5,5,0,4,1,4,5,2,5,4,3,2,6,0,0,6,1,2
222,54-102-203-01,3,5,3,5,5,6,2,5,1,3,3,4,6,3,3,3,6,3,0,8,0,7
223,54-501-007-01,2,2,2,2,6,4,0,5,2,2,4,2,5,2,2,2,7,6,0,5,0,2
224,54-501-005-02,0,3,1,0,6,5,0,5,2,3,3,2,6,2,3,0,6,2,0,7,1,5
225,54-501-039-01,2,2,1,1,5,3,1,5,1,3,3,3,4,3,2,1,8,0,3,8,1,3
226,54-102-139-01,7,3,1,1,2,3,0,3,1,1,2,2,5,2,1,0,7,5,0,8,0,5
227,54-501-006-02,0,2,0,4,4,0,0,1,0,4,7,3,5,2,2,0,8,8,1,6,1,3
228,54-102-162-01,5,3,3,5,5,3,1,3,1,3,3,1,6,1,3,0,5,5,0,6,1,5
229,54-501-006-01,5,4,2,5,5,5,0,4,0,3,3,3,4,3,3,0,5,6,0,7,1,5
230,54-102-181-01,5,5,0,0,1,5,2,5,0,4,4,1,5,5,3,0,0,1,0,6,2,5
231,54-101-076-01,3,5,3,3,3,5,0,5,0,3,3,1,5,3,3,0,3,5,0,5,0,3
232,54-101-012-01,3,1,1,2,2,3,0,2,0,2,2,1,2,2,2,1,5,5,0,5,0,5
233,54-701-001-01,2,3,2,6,6,6,0,5,1,3,4,3,7,3,3,1,0,0,0,6,1,7
234,54-501-005-01,0,1,0,1,6,6,0,6,1,1,3,0,7,1,2,1,6,0,0,0,0,3
235,54-504-011-01,5,5,5,5,5,6,3,5,2,4,4,2,7,3,3,0,7,1,0,8,1,5
236,54-501-004-01,3,5,3,3,5,5,1,5,2,3,3,3,6,3,3,0,6,6,1,6,1,5
237,54-504-014-01,2,4,1,3,3,4,0,4,2,3,4,3,6,4,3,3,7,0,0,7,0,4
238,54-501-003-02,3,1,0,2,2,2,0,4,0,2,5,3,7,1,5,0,6,0,0,8,0,6
239,54-504-015-01,5,5,2,5,5,5,3,5,2,2,5,1,6,2,4,4,4,5,0,6,0,1
240,54-504-006-01,3,3,3,2,6,4,2,6,5,3,4,3,6,2,3,0,7,0,0,5,2,6
241,54-504-017-01,1,3,2,3,3,5,2,3,1,3,3,3,6,3,2,0,5,3,0,7,0,2
242,54-504-005-01,1,5,1,1,5,5,1,5,1,3,3,2,5,2,2,0,0,8,0,5,0,2
243,54-504-004-01,0,5,0,0,5,5,0,5,2,3,4,1,6,2,2,2,7,3,0,5,1,6
244,54-501-039-02,1,4,1,5,5,5,1,5,1,4,5,2,5,2,5,0,5,5,0,5,0,5
245,54-504-001-01,0,6,3,5,5,5,1,6,3,2,3,3,6,4,4,5,7,5,0,6,1,8
246,54-501-038-02,0,6,1,1,5,5,0,5,2,5,5,4,6,3,3,0,6,0,0,0,2,6
247,54-101-089-01,3,4,1,5,6,3,0,5,1,2,6,1,7,1,2,3,5,8,0,0,1,5
248,54-101-066-01,1,2,1,2,7,2,0,5,1,3,3,2,3,5,2,0,8,8,0,8,0,8
249,54-101-040-01,2,3,2,0,4,3,1,3,1,3,3,1,6,2,2,2,5,0,0,3,0,4
250,54-101-036-01,2,2,2,5,5,5,1,5,2,2,2,2,2,2,2,2,0,5,0,5,2,2
251,54-101-030-01,0,3,3,4,4,3,3,3,0,3,3,3,0,3,1,3,4,5,0,4,0,2
252,54-101-073-01,2,3,0,0,2,3,0,3,0,3,5,1,7,5,3,0,0,0,0,8,0,5
253,54-101-014-01,2,2,1,1,3,2,1,3,0,1,1,1,5,1,2,2,5,6,0,5,2,1
254,54-101-020-01,2,5,3,3,5,5,1,3,3,3,3,2,6,3,3,3,6,5,0,7,0,3
255,54-504-008-01,5,3,0,1,3,3,1,5,1,2,2,3,5,2,2,1,8,0,0,5,0,5
256,54-504-033-01,0,5,3,3,5,5,2,5,3,3,3,3,6,3,3,3,6,5,0,6,0,5
257,54-504-012-01,1,4,1,1,3,4,0,4,3,3,3,2,5,3,3,3,6,0,0,8,0,3
258,54-504-010-01,1,5,3,3,3,5,1,5,2,3,5,1,6,2,2,1,6,5,0,7,0,3
259,54-501-062-01,0,3,2,2,2,5,5,5,1,2,3,2,5,3,3,3,6,2,0,5,1,5
260,54-504-013-01,3,4,1,5,5,5,2,5,1,5,5,2,6,3,2,3,6,0,1,6,0,5
261,54-504-029-01,2,3,1,2,3,4,1,3,0,3,3,2,6,2,1,2,6,3,1,7,1,4
262,54-504-027-01,3,5,3,5,5,5,0,5,1,4,4,3,8,3,2,0,7,6,0,5,1,5
263,54-501-061-01,0,3,3,3,3,4,1,4,1,3,5,3,5,2,2,1,7,5,0,7,1,5
264,54-501-059-02,1,2,0,0,5,3,0,3,2,3,3,0,5,2,3,0,6,6,0,6,0,3
265,54-501-059-01,5,3,2,1,3,3,2,5,0,3,3,3,4,3,3,3,5,6,0,6,0,3
266,54-504-019-01,4,5,2,2,5,5,1,5,1,3,5,2,5,6,4,3,5,3,0,5,0,1
267,54-101-005-01,0,4,1,4,5,4,1,5,2,3,3,1,3,5,1,0,6,2,0,2,0,5
268,54-002-192-01,5,5,3,3,3,5,2,5,2,3,3,2,5,3,2,5,7,6,0,7,1,7
269,54-002-191-01,0,5,5,5,5,5,1,5,1,3,3,3,6,5,3,2,6,5,0,8,1,5
270,54-002-190-02,3,5,5,3,3,3,2,5,2,5,5,3,2,5,5,0,7,7,0,7,0,5
271,54-102-168-01,3,5,2,5,5,7,0,5,0,3,3,3,4,2,0,3,6,0,0,7,1,7
272,54-102-191-01,5,5,2,0,5,5,1,5,4,5,5,3,5,3,3,3,6,6,0,0,3,5
273,54-102-227-02,0,5,1,0,1,5,0,2,0,3,4,1,5,2,1,1,8,0,3,1,0,3
274,54-102-202-01,0,3,3,0,4,4,0,4,2,3,3,3,4,3,2,3,4,0,0,4,0,2
275,54-002-187-01,5,3,3,4,4,4,1,4,3,3,3,2,6,3,2,2,6,5,0,6,0,5
276,54-102-197-02,1,2,2,1,3,2,0,3,1,3,3,2,3,2,3,0,7,6,0,6,2,2
277,54-002-184-01,0,2,2,5,5,5,3,5,2,3,3,3,5,3,2,1,5,5,0,7,0,5
278,54-002-175-01,3,3,3,3,3,5,3,5,3,3,3,3,7,3,3,3,6,0,0,6,0,3
279,54-002-165-01,5,3,2,3,5,3,0,5,1,3,3,2,6,3,3,0,3,0,0,8,1,6
280,54-002-163-02,0,2,1,3,3,5,1,5,3,2,3,2,7,2,3,0,1,5,0,7,1,3
281,54-002-152-01,0,2,0,3,3,3,0,3,3,3,3,2,5,2,3,1,6,0,0,6,0,2
282,54-002-136-02,3,3,3,2,2,4,1,4,1,1,1,1,4,3,3,0,6,5,0,6,0,3
283,54-101-011-01,2,3,3,2,3,5,2,3,0,2,3,2,6,2,2,2,6,0,0,2,1,5
284,54-101-077-01,3,3,3,2,2,3,2,4,2,2,3,3,5,3,2,0,5,0,0,8,1,5
285,54-002-126-01,4,3,3,2,3,4,3,4,2,3,3,3,6,3,3,2,6,1,0,6,0,4
286,54-002-121-02,6,1,1,3,3,4,0,3,0,3,3,1,4,1,2,2,3,5,0,2,0,6
287,54-002-111-01,0,5,3,5,5,5,3,5,3,3,5,3,5,3,3,0,4,0,0,5,0,5
288,54-002-102-02,0,3,1,3,4,5,1,3,2,2,3,1,7,3,3,0,6,1,0,7,0,3
289,54-102-318-01,4,2,3,3,3,4,4,4,2,2,3,3,5,4,2,0,5,5,0,7,0,4
290,54-002-104-01,3,3,3,3,6,6,2,3,2,3,3,2,5,2,2,3,6,3,2,6,3,6
291,54-002-084-01,5,0,3,0,5,5,1,3,1,3,3,2,6,2,2,2,6,1,0,5,1,3
292,54-002-080-01,6,6,1,6,6,6,3,5,0,5,5,1,6,2,3,0,7,0,0,5,1,7
293,54-002-077-01,2,2,1,2,5,6,0,5,1,1,3,1,6,1,4,0,6,5,0,6,0,5
294,54-002-074-02,3,6,4,1,3,5,1,5,1,2,3,2,6,3,3,0,3,1,0,7,0,6
295,54-002-064-01,4,3,1,1,5,4,0,5,0,3,3,1,5,3,1,2,4,4,0,3,1,3
296,54-002-063-01,2,3,3,3,3,3,0,4,1,3,3,2,6,3,2,1,3,0,0,8,0,5
297,54-002-047-01,0,3,0,5,5,5,0,5,1,3,5,3,6,3,2,0,6,5,0,8,1,3
298,54-002-043-01,3,6,3,5,5,5,0,5,3,3,3,5,5,3,1,1,3,3,1,5,1,2
299,54-002-042-01,1,2,1,2,5,2,1,5,1,2,2,2,6,3,2,1,6,3,0,7,1,2
300,54-002-037-01,0,5,3,5,5,6,3,5,1,5,5,2,5,3,2,2,6,5,0,6,2,5
301,54-002-034-02,1,1,2,3,5,3,0,3,1,3,3,1,3,3,2,2,6,7,0,6,1,2
302,54-002-028-01,3,5,3,5,5,5,5,5,3,7,7,6,5,3,3,5,5,5,0,5,0,6
303,54-002-022-02,0,5,2,1,5,6,0,4,0,2,5,3,6,3,3,2,6,3,0,7,1,6
304,54-002-019-01,0,2,1,5,8,8,0,8,1,0,2,5,3,3,1,0,7,0,0,8,2,8
305,54-002-005-02,0,0,0,0,8,2,0,2,0,0,3,2,8,2,1,8,8,8,0,8,2,8
306,54-002-009-02,8,8,3,2,8,5,3,4,2,2,4,4,3,1,3,3,1,1,1,1,6,3
307,54-101-082-01,5,5,5,6,6,5,0,5,1,4,4,2,6,3,3,0,7,0,0,0,0,7
308,54-101-090-01,1,2,2,3,5,4,1,5,1,3,3,2,4,5,2,2,5,2,0,6,1,2
309,54-102-297-01,3,3,3,5,5,3,0,3,0,3,5,1,8,3,2,3,1,6,0,6,0,5
310,54-102-288-01,3,3,3,5,5,2,1,5,1,3,3,1,7,5,1,1,6,5,0,6,0,7
311,54-504-031-01,3,3,2,2,3,5,1,5,1,3,3,1,6,1,3,2,3,0,0,6,0,2
312,54-504-016-01,2,2,3,2,3,3,2,3,1,1,2,2,6,1,1,0,5,5,0,5,2,3
313,54-504-018-01,0,3,1,2,5,5,2,5,3,3,3,2,7,4,4,1,7,2,0,6,1,7
314,54-504-020-01,0,7,3,3,5,5,2,5,1,0,5,1,6,3,3,3,7,2,0,6,0,7
315,54-504-021-01,3,4,0,3,5,6,2,3,0,3,3,0,7,3,3,0,6,0,0,5,0,5
316,54-103-014-01,0,6,3,3,3,5,2,3,2,3,3,3,7,0,3,3,8,3,0,5,2,5
317,54-103-013-01,5,5,5,5,5,6,0,5,5,3,5,2,5,5,2,0,5,5,1,5,1,5
318,54-102-258-01,2,4,1,5,5,6,0,5,2,0,5,3,6,2,5,2,5,6,0,7,0,5
319,54-102-238-01,1,4,2,5,5,7,0,4,0,3,3,2,3,3,2,2,5,5,0,7,1,5
320,54-102-360-01,4,4,2,4,4,4,1,4,0,3,3,2,5,3,2,1,6,6,0,7,1,4
321,54-102-360-02,0,5,5,0,3,4,1,4,2,3,3,3,4,4,3,0,6,2,0,7,0,1
322,54-102-281-02,1,3,2,3,5,4,0,3,1,3,3,2,6,3,2,3,6,0,1,6,0,6
323,54-103-012-01,5,1,1,2,2,4,0,5,0,1,5,3,5,5,5,3,5,5,0,0,0,5
324,54-103-011-01,5,5,3,5,5,7,2,5,1,3,4,3,1,5,3,0,6,5,0,7,3,6
325,54-103-015-01,0,4,4,4,4,5,3,5,5,0,5,2,5,3,2,0,5,0,0,5,0,3
326,54-102-160-01,2,2,0,5,5,5,0,5,1,0,5,4,6,3,3,3,2,7,5,7,3,6
327,54-102-172-01,0,3,3,3,5,5,1,3,1,2,3,2,5,3,2,3,5,5,0,5,0,5
328,54-102-171-01,5,5,1,3,4,3,1,4,1,3,3,2,6,3,3,2,6,1,0,5,0,6
329,54-102-170-01,0,6,1,1,5,5,0,5,2,2,5,3,8,5,3,0,5,8,0,0,0,7
330,54-102-169-01,0,3,1,0,5,5,1,5,4,5,5,3,5,2,4,3,5,0,0,5,0,3
331,54-101-015-01,0,2,2,1,3,1,0,3,0,2,3,1,5,1,2,2,0,0,0,6,1,3
332,54-102-351-01,0,5,0,1,2,5,5,5,1,5,5,2,6,3,2,0,8,5,0,8,0,2
333,54-102-329-01,2,2,1,3,3,3,0,3,1,3,3,1,6,2,2,2,3,6,1,7,2,2
334,54-102-352-02,0,3,2,5,5,2,1,3,1,3,3,2,6,3,2,3,6,5,0,5,1,3
335,54-102-342-02,4,4,2,4,4,4,1,3,2,2,3,2,6,3,2,5,0,1,0,7,1,4
336,54-101-006-01,0,3,3,3,3,3,3,3,0,3,3,2,5,3,2,0,6,5,0,5,1,5
337,54-101-091-01,0,3,3,3,5,5,2,4,2,2,2,2,5,3,2,2,6,3,0,7,0,3
338,54-101-057-01,5,3,2,3,3,2,1,2,2,2,3,1,6,2,0,2,6,2,0,5,1,3
339,54-102-181-02,5,3,0,1,2,3,0,2,0,5,5,0,3,3,1,1,3,0,0,7,6,3
340,54-102-184-02,5,6,3,5,5,4,1,4,3,4,4,2,6,3,3,3,7,0,0,5,2,5
341,54-102-188-02,2,0,0,3,3,5,0,4,1,3,5,1,3,3,2,1,6,0,1,8,0,5
342,54-102-189-02,2,1,0,0,3,3,0,6,0,4,6,1,6,3,3,1,0,6,0,6,1,8
343,54-102-030-01,5,5,3,5,5,6,2,5,1,2,2,2,5,2,1,0,5,2,0,6,0,5
344,54-102-029-01,1,5,1,0,2,3,0,3,2,3,3,2,6,1,2,1,6,5,5,5,1,0
345,54-102-028-01,6,2,3,6,6,6,0,5,1,0,5,3,5,5,2,0,5,7,0,7,3,6
346,54-102-027-01,6,1,1,0,5,8,0,4,1,3,3,1,6,3,2,0,8,7,0,5,0,8
347,54-103-016-01,5,3,3,3,5,5,2,5,1,4,4,1,4,3,0,1,6,6,0,7,1,4
348,54-702-032-01,0,2,1,1,3,6,1,3,2,2,2,1,6,1,1,2,5,5,0,6,1,4
349,54-702-032-02,2,5,1,3,3,6,0,3,1,3,4,2,5,2,2,3,6,2,3,6,1,6
350,54-101-063-01,6,6,3,0,4,5,0,5,1,3,3,2,8,3,2,0,3,6,0,6,2,1
351,54-102-195-01,5,3,3,1,2,5,5,4,0,3,3,3,5,2,2,3,0,0,0,4,0,5
352,54-702-033-02,2,2,2,3,3,3,0,2,1,2,2,2,2,2,2,2,6,0,0,6,0,1
353,54-504-003-02,3,4,3,5,5,5,1,5,2,5,5,3,5,2,5,5,6,0,0,7,1,5
354,54-504-001-02,5,3,3,2,5,5,3,5,2,3,3,2,6,4,2,3,5,5,0,6,0,5
355,54-504-012-02,2,3,3,2,5,5,1,5,2,2,3,2,7,2,3,3,7,3,0,7,1,2
356,54-101-059-01,3,3,2,2,2,3,1,5,1,5,5,2,5,2,2,3,5,0,0,7,1,3
357,54-504-005-02,1,5,1,1,5,5,1,5,1,3,3,2,5,3,2,0,0,8,0,5,1,2
358,54-702-035-02,1,4,3,6,6,4,3,4,1,3,3,4,6,3,3,3,6,0,0,8,0,5
359,54-102-166-01,0,3,3,4,4,4,1,3,2,1,3,1,7,3,2,0,6,6,0,7,2,3
360,54-102-167-01,0,5,1,5,5,6,1,5,0,2,3,3,5,3,3,1,7,3,0,7,1,5
361,54-702-031-02,1,3,2,2,3,3,1,3,1,2,3,1,5,2,3,1,5,4,0,7,0,4
362,54-702-034-01,0,0,0,0,4,2,0,3,0,3,3,1,5,3,3,0,4,1,0,0,0,1
363,54-102-159-01,5,5,2,5,5,5,3,5,1,3,3,2,3,5,3,3,7,0,0,7,1,3
364,54-102-158-01,6,6,1,1,5,5,1,5,2,2,5,1,6,2,5,0,6,0,0,7,0,3
365,54-102-157-01,0,5,5,5,5,3,3,5,0,3,5,2,5,4,2,0,0,5,0,5,1,2
366,54-102-200-01,1,2,0,1,3,6,0,3,0,3,3,1,6,4,3,0,2,7,0,7,0,2
367,54-102-198-01,3,4,1,2,4,5,2,4,2,5,5,2,6,3,2,0,6,0,0,6,0,2
368,54-102-199-01,0,1,0,4,4,2,0,4,2,4,4,3,8,2,3,0,2,6,0,5,7,0
369,54-102-197-01,1,3,3,3,3,2,1,3,1,4,4,2,5,3,2,0,6,5,0,6,2,5
370,54-102-196-01,5,3,1,1,5,6,0,5,1,1,2,1,6,3,5,2,6,5,0,5,0,7
371,54-602-061-01,0,6,1,6,6,3,0,6,1,3,5,2,7,4,5,2,0,0,0,8,1,7
372,54-602-045-01,0,1,2,1,3,2,0,3,2,3,3,0,6,3,3,0,7,0,0,0,0,3
373,54-102-156-01,5,5,1,5,5,6,1,5,2,2,3,2,7,4,2,1,8,0,0,6,0,8
374,54-102-155-01,0,3,3,3,3,4,3,4,2,0,3,2,2,5,2,2,5,1,0,8,1,5
375,54-102-154-01,0,3,0,5,5,5,0,5,1,2,5,2,6,2,3,1,1,6,3,7,0,2
376,54-102-153-01,4,4,1,2,5,5,0,5,0,1,4,2,5,5,3,1,5,5,0,5,1,3
377,54-102-152-01,5,5,2,5,5,4,2,5,2,3,5,2,5,3,5,4,6,5,0,5,0,4
378,54-102-193-01,1,5,1,3,5,5,1,5,2,1,2,2,6,1,2,5,0,2,0,5,1,5
379,54-102-192-01,0,5,5,5,5,5,0,3,0,2,3,2,6,3,3,3,5,0,0,8,0,5
380,54-102-194-01,2,3,2,3,3,3,0,3,1,5,5,1,6,2,2,0,5,2,0,6,1,6
381,54-102-011-01,2,2,2,2,5,5,0,5,1,1,5,1,6,2,2,1,6,5,0,8,0,6
382,54-702-030-01,2,3,1,2,2,2,1,2,2,4,4,2,2,2,2,2,2,1,0,7,0,2
383,54-702-029-01,5,3,2,4,4,6,2,5,1,3,4,1,6,5,1,0,0,5,0,7,0,4
384,54-702-028-01,0,3,2,2,3,3,1,3,1,3,3,2,5,3,3,1,6,0,0,8,0,6
385,54-702-026-02,3,4,2,3,5,7,2,4,1,3,4,1,5,2,2,2,6,6,0,6,0,6
386,54-102-190-01,0,3,1,2,5,3,0,3,0,3,3,1,6,2,2,2,5,5,0,7,1,2
387,54-602-043-01,0,3,1,1,4,4,1,5,1,0,5,1,7,4,4,0,6,2,0,6,0,5
388,54-602-050-01,2,3,1,1,2,5,0,5,1,2,2,2,5,2,2,1,5,0,1,5,0,5
389,54-102-189-01,1,5,1,6,6,4,1,4,1,3,3,1,5,2,2,0,5,6,0,5,2,4
390,54-102-188-01,3,3,1,3,5,5,0,3,1,3,3,1,6,2,2,1,6,3,2,7,3,3
391,54-102-187-01,2,6,1,6,6,3,0,3,1,4,4,2,6,3,2,0,5,5,0,7,1,7
392,54-602-052-01,5,5,1,3,3,5,0,5,2,1,3,2,6,1,3,3,7,6,0,5,0,5
393,54-102-186-01,5,2,1,5,5,6,0,5,1,0,1,1,5,5,3,1,6,5,0,6,0,4
394,54-102-185-01,5,3,2,5,5,2,0,2,0,1,2,2,6,4,1,0,6,6,0,7,0,7
395,54-102-016-01,3,4,3,1,3,5,3,5,1,1,3,1,5,2,3,0,5,0,0,6,1,3
396,54-102-183-01,5,3,2,6,6,5,0,3,1,3,3,1,6,2,3,0,6,6,0,6,1,6
397,54-602-046-01,0,3,2,3,5,7,1,6,1,5,5,1,5,3,2,5,0,5,0,0,0,6
398,54-102-059-02,5,5,0,0,5,5,0,6,0,3,6,0,8,0,3,5,6,5,0,7,0,6
399,54-102-059-01,5,5,3,6,6,6,2,6,0,3,4,1,6,3,5,2,6,5,0,5,0,6
400,54-102-058-01,3,5,2,5,5,5,3,5,1,2,5,2,6,2,3,2,6,6,0,7,2,3
401,54-102-057-02,2,4,1,6,6,3,5,3,1,3,3,3,6,3,5,2,7,0,0,6,1,4
402,54-102-057-01,0,3,0,4,4,5,0,3,1,1,3,3,6,2,2,0,5,0,0,6,1,2
403,54-102-184-01,3,3,3,4,5,5,2,5,1,3,5,2,6,3,2,3,6,5,0,6,2,5
404,54-102-100-01,1,4,2,5,5,7,0,5,1,5,5,2,5,3,2,2,5,0,0,7,1,3
405,54-102-099-01,0,4,2,5,5,2,3,4,1,3,3,2,5,4,2,1,5,0,0,7,0,3
406,54-102-182-01,0,4,0,7,7,6,0,4,2,2,4,2,6,1,2,1,0,8,0,7,0,4
407,54-102-098-01,3,5,2,1,1,5,1,4,0,0,2,1,5,5,3,0,2,2,0,2,0,5
408,54-102-165-01,5,6,3,1,6,6,3,4,0,3,6,3,6,3,3,5,7,3,0,6,0,5
409,54-101-072-01,4,3,3,2,6,3,0,3,1,3,3,3,7,3,2,0,6,5,0,7,1,6
410,54-102-164-01,5,5,5,5,5,6,1,5,0,2,2,3,6,4,3,0,0,6,0,7,0,5
411,54-102-097-01,0,4,4,1,3,3,1,4,2,3,4,3,4,3,3,0,6,4,0,8,0,1
412,54-102-163-01,3,6,1,3,3,5,0,5,1,3,3,2,6,2,3,2,3,6,0,7,0,4
413,54-102-096-01,5,0,3,0,5,3,0,5,0,3,4,2,5,3,3,4,0,0,0,5,0,3
414,54-102-161-01,3,3,3,5,5,7,0,5,1,4,5,3,7,3,5,3,6,0,0,6,0,6
415,54-102-015-01,1,2,1,5,5,5,0,2,2,3,3,2,3,1,2,4,6,5,5,8,1,4
416,54-504-026-01,0,2,1,3,4,4,2,5,3,4,4,3,7,3,2,1,6,3,0,6,0,5
417,54-504-024-01,0,3,3,2,3,5,2,5,2,3,3,2,6,3,3,3,6,0,0,6,0,5
418,54-102-014-01,0,5,3,5,5,5,3,3,1,2,3,1,5,3,3,1,5,0,0,6,2,5
419,54-102-013-01,0,6,5,5,6,5,2,5,1,5,5,2,5,5,3,0,6,5,0,7,0,5
420,54-102-012-01,3,5,2,3,5,5,0,5,1,3,5,2,6,3,3,3,5,6,1,7,1,5
421,54-504-025-01,1,1,0,1,2,4,1,3,2,4,4,2,5,3,3,0,6,5,0,7,1,5
422,54-504-023-01,3,4,3,4,4,6,1,3,1,3,3,1,6,2,1,3,3,4,0,6,1,5
423,54-102-094-01,0,1,1,2,2,2,0,2,2,2,3,2,5,2,2,0,7,0,0,5,0,3
424,54-102-001-01,0,5,3,3,3,6,2,5,2,1,3,2,4,3,3,5,6,0,0,6,0,4
425,54-102-002-01,4,5,3,2,5,5,0,5,3,6,6,2,6,3,2,0,5,6,0,6,1,3
426,54-102-093-01,5,5,5,5,5,5,2,5,2,3,3,2,5,3,2,0,0,5,0,5,0,5
427,54-102-002-02,1,3,2,1,5,5,0,5,1,5,5,2,5,3,3,0,6,7,0,6,1,2
428,54-102-004-01,0,5,2,5,5,5,2,6,2,2,3,3,5,3,5,0,6,0,0,6,1,3
429,54-102-064-01,2,5,3,2,3,5,0,5,0,2,3,3,3,3,3,0,6,0,0,6,0,6
430,54-102-062-01,6,6,5,6,6,5,0,5,5,5,5,3,6,2,3,3,5,0,0,7,1,5
431,54-102-061-01,6,6,1,6,6,5,5,5,2,1,4,3,5,3,1,0,7,6,0,7,0,1
432,54-102-060-01,3,3,2,4,5,5,1,5,1,4,4,2,5,2,2,1,0,0,0,7,0,5
433,54-102-046-01,5,3,2,1,1,5,1,5,1,3,3,1,5,3,2,0,6,1,0,6,0,1
434,54-102-045-01,0,5,3,3,3,5,3,5,1,3,3,2,5,3,3,0,6,2,0,6,1,5
435,54-102-044-01,0,2,0,1,2,3,1,3,0,2,2,3,6,2,1,0,6,5,0,6,1,2
436,54-102-043-01,6,6,2,6,6,3,2,5,1,5,5,1,5,2,0,0,6,6,0,5,1,8
437,54-103-017-01,3,3,3,5,5,7,2,3,2,1,5,3,6,1,3,0,7,8,0,3,0,7
438,54-102-005-01,0,3,0,5,6,5,1,5,1,5,5,1,2,2,2,2,7,0,0,8,2,2
439,54-102-006-01,5,2,1,3,3,5,1,5,1,2,6,3,2,2,4,2,0,7,0,0,0,5
440,54-103-017-02,3,5,2,4,4,0,0,3,0,3,3,4,8,1,3,0,7,3,0,5,1,6
441,54-103-020-02,5,3,3,1,4,5,0,4,0,4,5,3,3,3,3,0,6,3,0,6,0,3
442,54-103-020-01,0,6,2,5,5,5,0,5,2,2,4,3,3,5,2,0,5,6,0,8,1,5
443,54-102-042-01,0,1,1,2,3,3,1,1,0,2,3,1,6,1,2,0,6,3,0,5,2,2
444,54-102-041-01,0,3,3,5,5,5,2,5,2,5,5,2,6,2,2,3,6,6,0,6,0,6
445,54-102-040-01,3,5,5,1,5,5,2,3,1,5,5,3,5,3,3,3,6,0,0,6,0,5
446,54-504-013-02,5,5,2,5,5,3,0,5,0,4,4,1,7,3,3,6,7,5,0,6,1,5
447,54-102-035-01,2,3,3,2,2,3,0,4,0,2,3,2,3,3,2,0,5,5,0,0,0,5
448,54-102-039-01,1,5,2,3,3,3,2,3,2,3,3,1,3,3,2,2,6,4,0,6,1,3
449,54-102-038-01,2,2,1,1,5,3,1,3,1,5,5,1,3,2,2,1,6,3,0,6,1,3
450,54-504-015-02,0,2,0,5,5,3,2,4,3,4,4,0,5,3,3,2,4,5,0,6,0,4
451,54-102-036-01,0,0,3,3,3,7,0,6,0,3,3,1,5,3,3,0,7,5,0,5,0,3
452,54-504-016-02,0,3,3,5,5,5,2,5,2,5,5,4,6,2,3,0,8,0,0,7,0,8
453,54-102-025-02,4,5,3,5,5,6,0,5,3,0,3,3,3,3,3,6,5,5,0,5,0,6
454,54-102-095-01,2,3,3,2,2,1,0,2,1,1,2,2,5,2,2,1,5,5,0,5,2,1
455,54-102-092-01,0,4,4,5,5,2,2,5,4,3,3,2,5,4,4,0,2,5,0,5,0,4
456,54-102-034-01,1,3,3,3,3,3,2,5,0,3,3,2,5,5,3,1,5,0,0,6,1,2
457,54-102-033-01,5,3,2,5,5,3,0,5,2,3,5,2,6,3,2,0,6,0,0,8,2,1
458,54-102-032-01,3,5,0,0,5,4,2,4,0,2,5,1,6,2,3,0,6,0,0,6,0,6
459,54-102-027-02,0,3,1,6,6,6,2,3,1,3,5,2,5,3,2,1,5,6,1,6,0,6
460,54-102-031-01,3,3,1,2,5,5,1,3,1,2,3,3,5,5,1,2,5,5,0,5,2,3
461,54-102-198-02,3,3,3,3,5,3,1,5,2,2,3,2,6,3,3,0,8,0,0,8,0,7
462,54-102-091-01,0,5,3,1,3,3,0,3,1,2,3,1,5,5,2,0,6,5,0,6,2,5
463,54-102-007-01,0,0,3,3,3,5,0,5,1,1,3,1,6,3,3,0,6,5,0,6,1,6
464,54-102-055-01,0,5,3,3,5,3,2,5,1,3,3,2,3,3,2,2,5,5,0,6,0,6
465,54-102-019-01,5,3,3,3,5,6,3,5,1,2,3,3,6,5,5,0,6,3,0,7,0,3
466,54-102-018-01,3,5,1,5,5,5,3,3,0,3,3,1,6,3,3,0,0,0,0,7,1,5
467,54-102-017-01,1,4,2,4,4,5,1,5,1,3,3,2,3,3,3,0,0,5,0,7,0,1
468,54-102-056-01,5,4,3,0,5,2,0,5,0,3,5,1,6,2,3,0,4,3,0,6,0,3
469,54-102-054-01,0,5,3,5,5,5,5,3,3,3,3,3,6,5,3,0,5,0,0,8,0,5
470,54-102-053-01,0,5,0,3,3,7,0,3,1,6,6,3,5,3,3,3,0,5,0,8,8,3
471,54-102-052-01,1,5,2,2,5,5,2,2,0,5,5,2,6,3,3,0,6,0,0,6,0,0
472,54-102-090-01,1,2,2,2,2,2,1,2,2,2,2,1,5,3,2,1,5,0,0,5,0,2
473,54-102-050-01,6,6,3,5,5,5,3,5,2,3,3,1,6,3,3,0,5,5,0,5,1,6
474,54-102-049-01,0,3,2,4,4,5,0,5,3,1,5,3,5,3,3,0,6,5,0,6,1,4
475,54-102-048-01,2,2,3,3,3,3,0,3,0,2,3,1,3,3,3,1,0,0,0,2,0,2
476,54-102-047-01,3,3,3,3,3,3,0,3,1,2,4,1,6,1,2,3,6,5,0,6,1,5
477,54-102-066-01,0,0,0,3,3,4,0,4,0,3,3,2,4,2,2,3,3,7,0,7,0,6
478,54-102-065-01,0,1,1,3,3,5,0,5,1,4,4,2,4,3,3,0,7,0,0,7,0,2
479,54-102-077-01,5,2,2,5,5,3,1,5,0,3,3,3,5,5,2,1,5,5,0,5,0,1
480,54-102-076-01,0,3,0,1,2,2,0,3,1,2,2,2,5,1,2,1,1,5,0,3,1,3
481,54-102-075-01,0,0,0,1,2,2,0,2,1,3,3,2,6,2,2,1,0,3,0,7,1,2
482,54-102-074-01,5,6,5,5,5,5,4,3,0,3,3,3,6,3,3,0,2,0,0,0,0,2
483,54-102-073-01,3,3,5,2,3,4,1,5,0,2,3,2,6,3,3,3,6,5,0,7,0,4
484,54-102-071-01,5,3,3,1,5,4,1,5,3,3,3,2,3,5,2,0,5,0,0,7,3,2
485,54-102-070-01,5,5,4,2,5,5,5,5,0,0,5,3,5,5,5,0,5,5,0,6,1,5
486,54-102-069-01,2,5,2,1,4,4,0,4,0,2,4,1,5,1,3,0,6,0,0,8,0,6
487,54-102-067-01,0,4,3,7,7,7,0,3,0,2,3,1,6,3,5,0,6,6,0,0,0,8
488,54-102-063-01,0,3,1,5,5,6,1,5,1,3,5,3,7,5,2,2,5,5,0,7,1,6
489,54-602-029-01,1,4,2,3,3,5,4,4,1,2,3,1,6,3,3,1,6,1,0,6,1,7
490,54-602-028-01,5,2,2,1,5,2,2,5,2,2,2,1,6,3,2,1,6,0,2,8,0,5
491,54-602-027-01,0,4,2,3,3,4,1,3,1,3,3,1,1,3,3,1,6,1,0,7,0,4
492,54-602-025-02,1,4,1,3,3,7,1,6,1,3,5,2,5,3,2,5,6,5,0,7,4,4
493,54-602-023-01,7,3,2,2,6,5,2,5,2,2,5,2,5,2,2,0,6,5,0,8,0,3
494,54-602-017-01,5,5,3,4,4,5,1,4,0,3,6,2,5,5,2,4,6,5,0,6,0,6
495,54-602-016-01,5,3,2,5,5,3,1,5,2,2,2,2,5,2,3,2,5,5,0,5,1,3
496,54-602-022-01,0,6,2,7,7,6,2,6,3,6,6,1,6,3,5,0,3,3,1,6,0,5
497,54-602-018-01,1,1,1,2,5,3,1,3,3,0,3,3,5,2,3,2,6,3,0,2,0,2
498,54-701-029-02,1,2,2,2,2,4,1,3,1,2,3,1,4,3,2,2,6,3,0,7,1,3
499,54-701-028-02,0,5,4,0,5,5,0,5,3,5,5,2,6,5,4,1,5,5,0,5,0,0
500,54-701-026-02,5,2,4,5,5,5,1,5,1,2,4,4,5,2,2,2,5,0,0,5,0,5
501,54-501-034-01,5,5,3,3,5,5,2,6,1,5,5,2,5,3,3,3,5,0,0,5,0,5
502,54-501-035-01,0,3,3,3,5,5,1,5,2,3,3,3,8,3,3,6,8,2,0,5,1,8
503,54-501-036-01,5,5,3,6,6,5,2,5,5,3,5,3,6,4,3,2,6,0,0,5,0,6
504,54-102-084-01,5,5,4,3,3,5,0,3,2,2,5,3,5,3,2,0,5,0,0,7,2,5
505,54-102-085-01,2,2,2,3,3,5,4,3,3,0,3,2,3,1,2,0,5,0,0,5,0,1
506,54-102-086-01,5,5,2,5,5,5,2,5,2,2,5,2,5,2,2,5,6,5,0,6,1,2
507,54-102-087-01,0,4,4,5,5,5,3,5,2,5,5,2,5,3,2,0,5,0,0,5,0,5
508,54-102-087-02,1,5,3,5,5,5,1,5,0,2,3,1,7,1,1,0,6,1,0,8,0,6
509,54-504-029-02,0,3,0,0,3,6,2,3,2,2,3,2,6,3,3,1,6,0,1,6,0,3
510,54-001-032-01,0,4,1,1,2,4,0,3,0,4,4,1,6,3,2,2,6,0,1,7,0,4
511,54-504-023-02,2,5,3,4,5,5,1,5,2,5,5,3,6,2,3,3,6,5,0,2,1,3
512,54-102-171-02,5,3,3,3,3,3,0,5,1,2,3,4,0,4,3,4,6,7,0,7,3,4
513,54-001-081-01,5,3,0,3,3,5,2,5,0,5,5,2,6,2,2,5,5,5,0,5,0,3
514,54-001-082-01,1,5,1,0,3,8,0,3,0,2,4,3,5,2,3,5,2,5,3,8,0,5
515,54-001-083-01,5,1,0,0,5,5,5,3,0,1,3,2,6,2,3,2,3,0,0,7,0,1
516,54-001-062-01,4,5,3,5,5,5,0,5,3,3,4,2,6,2,2,5,6,6,0,0,0,0
517,54-102-194-02,0,5,1,4,4,6,0,3,2,2,3,3,6,2,2,2,6,0,0,8,3,4
518,54-001-064-02,1,5,2,5,5,6,1,3,0,2,3,2,8,2,2,5,6,0,0,8,1,6
519,54-001-065-01,2,2,3,5,5,5,0,4,2,0,3,2,3,3,3,0,6,0,0,7,0,2
520,54-001-066-01,2,0,0,0,5,8,7,5,0,2,3,3,6,3,0,5,6,6,0,6,0,5
521,54-001-067-01,3,3,2,1,1,1,1,3,2,3,3,2,5,2,2,1,6,0,0,0,1,1
522,54-102-008-01,1,0,3,5,6,5,3,5,2,5,5,2,7,3,3,3,6,0,0,6,1,6
523,54-001-068-01,5,5,2,0,5,5,0,5,2,3,3,3,6,2,5,0,6,5,0,6,0,7
524,54-001-070-02,1,1,0,3,3,3,1,3,2,3,3,3,4,3,3,3,6,6,0,6,2,2
525,54-001-037-01,2,5,0,2,5,3,1,3,2,3,5,3,6,2,3,3,6,5,1,7,3,3
526,54-001-017-01,5,7,1,3,3,5,1,5,0,3,3,2,7,3,3,2,1,7,0,7,0,6
527,54-001-018-01,1,3,2,5,5,6,0,4,1,1,6,2,7,4,4,0,3,2,0,7,0,3
528,54-001-043-01,0,3,3,5,5,5,0,5,2,2,5,2,6,2,3,1,6,6,0,6,2,5
529,54-001-039-01,3,3,2,4,5,6,1,3,2,3,6,2,6,2,2,1,6,5,0,6,3,4
530,54-001-029-01,3,5,3,5,5,6,3,5,3,1,3,2,7,2,2,5,6,0,0,7,0,5
531,54-001-071-01,6,5,1,5,5,5,0,5,2,2,3,3,3,2,3,1,5,6,1,6,3,5
532,54-001-072-01,2,3,3,6,6,4,5,4,0,3,4,3,6,3,2,4,6,6,0,7,0,3
533,54-001-073-01,2,2,2,1,2,3,0,3,3,0,3,3,4,3,3,0,6,0,0,6,0,0
534,54-001-075-01,3,5,3,5,5,6,2,3,1,1,3,2,3,2,2,2,7,0,0,8,1,5
535,54-001-078-01,5,3,0,3,3,5,2,2,2,3,3,1,5,1,2,2,5,5,0,5,0,0
536,54-001-079-01,5,3,3,1,3,3,1,2,1,2,2,2,5,1,2,0,6,5,0,6,1,2
537,54-001-085-01,5,5,5,5,5,5,5,5,0,1,3,3,6,3,3,2,5,7,0,5,1,6
538,54-001-086-01,0,1,1,1,2,6,0,3,1,2,4,2,5,3,1,2,6,2,0,5,2,7
539,54-001-087-01,3,3,1,7,7,3,1,2,1,3,3,2,7,2,3,2,7,6,1,6,2,3
540,54-001-055-01,1,5,5,5,5,3,1,5,2,2,5,3,5,2,2,0,6,5,0,7,0,0
541,54-001-057-01,5,5,3,3,5,3,2,5,1,5,5,2,6,3,2,2,6,5,0,6,1,5
542,54-001-058-01,5,5,2,5,5,6,0,2,0,1,3,1,6,2,2,2,6,5,5,6,1,5
543,54-001-059-01,5,3,1,1,3,4,0,5,0,3,3,2,6,3,3,0,6,6,0,8,0,5
544,54-001-060-01,3,3,0,5,5,5,0,2,0,3,6,2,6,3,2,0,6,3,0,6,1,6
545,54-001-096-01,2,5,1,0,3,5,0,5,2,3,4,2,6,3,3,0,8,0,0,0,0,2
546,54-001-097-02,2,3,1,1,4,4,1,4,0,3,3,3,6,3,3,3,4,3,0,7,1,4
547,54-001-079-02,2,5,0,2,3,4,0,4,0,2,3,1,8,1,2,1,3,5,2,8,0,5
548,54-001-080-01,2,3,2,2,5,3,0,3,1,3,3,0,5,2,2,2,2,0,2,6,0,3
549,54-001-080-02,0,3,2,1,2,2,1,2,1,2,2,2,5,1,2,1,5,5,0,5,1,2
550,54-001-105-01,5,5,2,5,5,5,3,5,3,3,5,2,6,3,3,3,6,5,0,6,0,5
551,54-102-046-02,3,5,3,6,6,7,0,3,1,3,3,1,6,3,2,3,6,6,0,7,1,3
552,54-103-021-01,5,3,2,1,5,3,3,5,2,5,5,2,2,2,2,2,2,0,0,7,1,5
553,54-102-068-01,6,3,3,3,3,3,2,3,1,4,4,3,6,3,3,0,6,6,0,7,0,6
554,54-001-028-01,0,3,0,0,3,5,0,5,1,3,3,2,5,2,2,3,5,0,0,6,0,6
555,54-001-105-02,2,2,2,2,3,3,1,3,1,3,3,1,5,2,3,3,5,0,0,5,0,2
556,54-001-105-03,5,2,0,5,5,3,0,4,3,0,3,2,7,1,3,0,0,5,0,7,0,4
557,54-102-089-01,3,3,3,5,5,5,1,5,2,3,3,3,5,2,3,3,6,5,0,7,2,3
558,54-001-106-01,2,2,1,5,5,5,0,5,3,3,3,1,5,2,2,0,0,6,0,7,2,2
559,54-001-098-01,0,0,1,3,5,5,0,5,1,5,5,2,8,2,3,3,3,6,0,6,1,7
560,54-001-098-02,0,5,3,0,3,5,0,5,0,5,5,0,6,2,3,5,6,0,0,0,2,2
561,54-001-100-01,3,3,1,0,5,5,1,4,0,3,4,2,6,3,3,3,6,2,0,8,1,7
562,54-001-101-01,5,5,2,4,5,5,1,5,3,3,3,3,7,3,2,1,7,0,0,7,0,3
563,54-001-102-01,2,1,1,1,3,3,0,3,0,3,3,1,2,3,2,2,6,6,0,0,0,1
564,54-001-102-02,0,3,1,4,4,4,0,3,1,3,3,2,6,2,3,2,5,7,0,7,0,3
565,54-001-103-01,2,3,1,3,4,3,1,4,0,4,4,2,6,3,3,4,6,6,0,7,1,3
566,54-001-074-01,0,5,2,2,3,5,0,3,1,1,3,3,6,4,3,1,6,5,0,6,0,5
567,54-001-088-01,0,4,2,0,4,5,0,5,0,3,5,3,5,3,4,3,6,2,0,6,1,4
568,54-001-091-01,5,5,3,2,5,5,1,3,2,5,5,3,6,2,4,4,6,6,0,6,0,5
569,54-001-092-01,1,0,2,3,4,4,1,2,0,3,3,2,7,2,2,6,6,6,0,7,3,8
570,54-102-088-01,5,3,3,2,3,4,3,5,2,3,3,2,5,3,2,1,6,0,0,6,1,5
571,54-001-093-01,5,5,5,1,3,6,1,5,1,4,4,3,2,3,2,2,7,3,0,6,1,6
572,54-001-094-01,6,4,2,2,3,4,0,3,0,4,4,2,2,2,3,1,6,0,0,8,1,3
573,54-001-095-01,0,5,1,6,6,7,0,5,0,3,5,1,6,2,2,2,6,6,1,7,1,7
574,54-001-095-02,6,3,2,5,5,4,0,4,2,3,3,1,5,2,2,1,6,6,0,6,1,3
575,54-001-104-01,0,3,2,4,4,4,0,4,2,2,3,1,5,4,3,3,6,5,0,5,0,2
576,54-001-036-01,5,5,3,3,3,3,0,2,1,3,3,2,7,2,2,3,7,0,0,6,0,6
577,54-001-035-01,5,5,4,1,5,4,0,5,2,5,5,4,6,4,4,4,5,5,0,7,0,4
578,54-001-034-01,5,5,5,0,3,5,3,5,0,4,5,3,7,3,3,0,6,3,0,7,0,5
579,54-001-033-01,6,5,2,3,5,3,0,5,1,3,4,2,8,3,3,5,7,0,2,6,2,3
580,54-001-054-01,5,1,1,1,5,7,1,5,1,1,5,2,5,5,1,0,6,7,0,8,3,6
581,54-001-053-01,2,2,2,2,3,5,1,5,2,2,5,2,6,3,2,0,5,5,0,6,0,6
582,54-001-052-01,3,3,2,3,3,5,2,5,3,3,3,2,5,3,2,0,5,6,0,6,0,3
583,54-001-051-01,3,3,2,2,2,3,0,5,3,3,3,1,3,2,2,3,6,0,0,5,1,1
584,54-001-049-01,0,4,1,2,3,6,0,2,0,1,2,3,5,2,2,5,6,3,0,5,3,4
585,54-001-047-01,0,6,2,3,3,4,0,3,1,3,3,1,2,2,2,1,6,0,1,6,1,5
586,54-001-046-01,2,3,2,5,6,5,2,4,0,5,5,1,4,4,2,2,5,5,0,6,0,3
587,54-001-045-01,3,3,3,3,3,4,3,4,1,3,4,3,5,3,3,3,6,6,3,7,3,4
588,54-001-044-01,0,2,2,2,2,4,1,4,1,2,2,2,5,3,2,3,5,5,0,7,1,1
589,54-102-170-02,2,4,0,3,3,3,0,4,1,4,4,1,6,3,3,1,4,7,0,0,0,3
590,54-102-158-02,3,3,1,0,5,5,2,5,1,0,5,1,5,5,5,0,5,0,0,5,1,5
591,54-102-155-02,1,5,2,4,4,4,2,3,2,3,3,2,2,2,2,4,4,0,3,7,1,4
592,54-002-088-01,5,6,6,2,2,6,5,6,2,3,3,3,6,3,5,0,6,5,0,8,0,5
593,54-102-199-02,1,5,0,5,5,4,0,5,1,4,5,2,6,2,5,1,5,6,0,7,2,3
594,54-002-089-01,3,4,2,2,5,5,0,3,2,3,3,2,5,2,2,1,6,3,1,5,0,3
595,54-102-008-02,2,3,1,2,5,2,0,2,0,2,2,2,6,2,2,2,6,0,0,6,1,3
596,54-602-012-01,3,3,3,6,6,5,0,3,2,3,3,2,5,3,2,2,5,3,0,5,1,5
597,54-702-021-01,0,2,3,6,6,5,0,5,1,3,3,3,5,5,5,1,6,6,0,7,0,6
598,54-502-014-01,6,2,0,5,5,3,0,5,4,5,5,2,6,1,2,1,6,1,0,0,2,5
599,54-502-016-01,0,6,3,5,6,3,2,6,1,2,3,2,6,4,5,1,6,2,0,7,0,4
600,54-502-017-01,0,3,3,2,3,5,2,5,1,3,3,2,6,3,3,3,6,6,0,5,2,5
601,54-502-017-02,0,5,2,3,3,6,2,5,2,3,6,3,6,3,3,3,0,6,0,8,2,6
602,54-502-018-01,0,4,1,4,5,6,0,5,1,1,2,2,5,2,2,0,5,5,0,5,1,5
603,54-002-090-01,2,3,1,1,3,6,0,1,0,1,2,1,6,3,3,0,5,5,0,6,2,2
604,54-002-101-01,2,5,2,3,5,5,0,5,0,2,2,2,6,1,3,1,6,5,0,7,0,7
605,54-503-005-01,1,5,2,3,5,5,2,5,1,1,3,2,6,3,2,2,6,2,0,5,0,5
606,54-503-007-01,1,5,5,3,5,5,4,4,1,2,3,1,6,5,3,0,6,3,0,6,0,5
607,54-503-008-01,2,1,1,0,3,1,0,5,0,1,1,1,5,5,1,0,0,5,0,5,0,0
608,54-503-009-01,5,3,1,3,5,6,1,5,0,3,5,3,6,3,2,3,5,6,0,5,0,5
609,54-503-010-02,1,3,2,3,5,5,0,4,1,3,3,3,6,3,3,2,6,6,0,8,3,6
610,54-001-027-01,2,5,2,5,5,6,2,5,1,1,2,3,6,2,2,3,6,5,0,6,0,6
611,54-503-011-01,2,5,1,3,5,5,0,5,2,2,3,2,7,2,2,2,6,5,0,6,2,6
612,54-503-012-01,6,5,2,2,5,5,2,5,2,5,5,3,5,3,2,0,7,6,0,5,0,5
613,54-503-013-01,0,4,2,3,3,6,1,5,2,1,4,2,6,3,4,0,7,5,0,7,1,3
614,54-001-026-01,0,3,2,3,5,3,1,3,2,3,3,3,6,3,2,0,6,0,0,0,0,5
615,54-002-107-01,2,3,3,3,4,4,0,3,1,3,3,2,6,3,2,2,5,5,0,6,1,3
616,54-001-056-01,5,5,1,5,5,5,0,5,3,3,5,1,6,3,3,4,7,4,0,6,0,5
617,54-002-107-02,6,1,5,2,3,6,2,2,2,6,6,1,4,3,2,2,0,0,0,7,0,5
618,54-102-093-02,3,3,0,5,5,4,4,5,1,3,3,3,5,3,3,0,2,6,0,3,2,5
619,54-001-031-01,1,3,1,0,5,5,0,5,0,3,3,1,6,2,2,0,1,1,1,6,1,5
620,54-001-038-01,3,5,3,3,4,4,0,4,0,3,3,1,6,6,2,0,7,6,0,7,0,6
621,54-002-108-01,0,5,3,4,5,4,2,4,1,4,5,2,5,2,3,0,6,0,0,7,0,6
622,54-503-017-01,2,2,2,0,3,3,0,5,0,3,3,1,5,2,2,0,5,3,0,0,0,5
623,54-001-097-01,5,3,1,3,5,6,2,5,1,3,3,2,6,2,3,3,6,0,2,8,1,4
624,54-001-050-01,3,0,3,3,3,5,2,3,0,2,3,3,6,4,2,2,7,5,0,7,0,5
625,54-503-018-02,3,6,3,5,5,5,0,5,1,3,3,2,7,3,1,0,6,5,0,7,2,3
626,54-102-066-02,5,1,1,1,6,3,0,5,1,3,3,2,6,1,2,2,6,5,1,5,1,6
627,54-001-048-01,3,5,1,5,5,5,4,4,0,4,4,4,6,2,3,5,6,3,0,6,0,5
628,54-001-065-02,1,3,4,6,6,4,0,4,2,3,3,2,7,2,3,1,7,6,1,7,0,4
629,54-001-082-02,5,1,2,5,5,4,0,3,2,3,4,2,6,2,2,5,6,0,1,7,0,3
630,54-602-001-01,1,3,3,2,5,5,4,5,4,3,3,2,5,3,3,3,0,0,0,8,0,5
631,54-602-004-02,3,4,3,3,5,4,0,4,1,3,4,1,3,3,3,0,7,0,0,7,0,4
632,54-001-020-01,3,3,3,3,5,5,1,5,1,3,3,3,7,3,2,1,6,5,0,6,0,4
633,54-503-020-01,5,5,2,5,5,5,0,5,5,4,4,2,5,3,2,0,5,5,0,0,0,5
634,54-001-084-01,2,2,5,2,3,5,1,3,1,2,3,2,6,5,1,2,7,2,0,5,1,7
635,54-002-102-01,0,3,1,5,5,4,0,5,1,1,3,2,6,2,2,0,5,3,1,6,0,6
636,54-002-105-01,3,3,1,6,6,3,2,3,3,3,4,0,7,1,1,0,6,0,0,0,5,7
637,54-102-051-02,0,2,0,5,5,5,0,3,3,1,3,1,6,3,3,0,6,6,0,6,0,7
638,54-002-106-01,5,3,2,2,3,7,1,3,1,1,2,3,5,2,3,3,6,5,0,6,0,3
639,54-002-106-02,5,5,5,5,5,3,2,4,3,1,3,2,5,2,3,3,5,5,0,4,0,1
640,54-102-017-02,3,3,2,6,6,2,0,3,1,2,3,1,6,2,3,0,3,6,0,8,2,7
641,54-001-090-01,0,3,3,4,4,5,0,3,2,3,3,2,5,2,4,2,6,5,0,6,0,3
642,54-102-009-01,0,3,1,4,4,3,1,5,0,2,5,2,5,2,2,0,6,0,0,6,1,2
643,54-102-018-02,1,3,1,2,5,3,0,5,3,0,3,3,6,2,2,0,0,0,0,6,2,5
644,54-102-009-02,0,1,1,3,5,6,1,5,0,3,4,3,3,3,4,0,7,0,0,6,0,0
645,54-102-095-02,6,3,3,1,3,5,4,5,0,3,3,2,5,3,3,2,5,5,0,5,2,2
646,54-001-025-01,3,5,1,5,5,5,0,5,0,2,5,1,6,3,3,0,7,0,0,7,0,6
647,54-102-065-02,1,0,0,1,3,5,0,5,1,3,3,3,5,3,3,0,0,0,2,6,0,0
648,54-002-109-01,3,4,1,3,4,4,0,4,2,2,2,1,6,2,2,0,5,5,0,5,0,1
649,54-002-109-02,5,3,1,2,2,2,0,5,1,2,3,0,5,2,2,1,1,2,0,0,2,2
650,54-002-110-01,0,3,3,5,5,5,3,5,3,5,5,3,3,3,3,1,6,5,0,6,0,5
651,54-002-081-01,1,5,1,5,5,5,0,4,1,3,3,1,6,3,3,1,5,6,0,6,2,1
652,54-002-082-01,3,5,3,5,6,3,1,5,1,3,3,2,3,2,2,1,6,5,0,6,1,6
653,54-002-083-01,2,5,4,4,5,5,3,3,1,5,5,2,5,3,1,2,5,5,0,5,1,5
654,54-002-085-01,6,2,3,5,5,6,3,5,1,3,5,3,2,3,3,1,0,5,0,8,0,3
655,54-102-010-01,0,2,1,3,5,5,3,5,3,1,3,1,5,2,1,0,0,0,0,6,1,2
656,54-002-086-01,0,0,0,5,5,4,1,5,1,1,5,3,2,4,3,4,2,5,0,5,1,5
657,54-504-028-02,4,1,0,3,3,4,0,3,1,3,3,2,5,2,2,0,6,5,0,7,1,4
658,54-504-022-01,0,3,0,3,3,3,0,6,0,1,5,3,6,3,3,5,6,6,0,7,1,5
659,54-002-087-01,0,3,2,1,5,3,0,5,3,1,5,2,5,2,3,5,5,0,0,5,3,5
660,54-002-093-02,1,2,3,0,5,5,0,5,1,3,5,2,6,2,3,3,6,6,1,6,0,7
661,54-504-030-01,5,5,2,1,3,5,0,5,3,6,6,2,8,3,3,1,8,5,0,5,1,6
662,54-504-034-01,0,0,0,0,2,4,3,4,1,2,3,2,5,2,2,1,6,0,0,7,0,4
663,54-504-034-02,1,3,4,3,3,5,3,6,1,2,5,1,2,3,1,1,0,0,0,7,0,2
664,54-002-073-01,0,5,3,2,5,5,5,5,2,1,5,2,6,2,2,0,6,5,0,7,1,5
665,54-002-074-01,0,5,5,4,5,5,2,5,3,2,5,3,5,5,2,0,0,0,0,6,1,5
666,54-504-035-02,5,3,3,3,3,4,2,3,1,3,3,3,5,3,2,1,5,5,0,7,0,5
667,54-504-033-02,0,3,3,2,3,4,0,3,2,3,3,3,6,3,3,0,6,3,0,7,1,5
668,54-504-036-02,5,2,1,0,3,5,2,5,1,6,6,3,6,1,3,0,6,0,0,7,3,6
669,54-002-039-01,0,3,1,5,5,5,1,5,0,5,5,5,5,1,2,2,5,6,1,4,1,5
670,54-002-040-01,4,4,3,4,5,5,1,5,4,3,5,4,5,4,3,2,5,8,0,8,3,5
671,54-002-041-01,3,7,3,6,6,7,1,7,2,5,5,2,6,5,6,6,7,0,0,5,0,5
672,54-002-044-01,4,4,3,5,5,5,1,5,1,2,3,2,5,3,3,0,4,5,0,5,1,2
673,54-002-045-01,3,5,3,5,5,5,2,5,4,2,5,0,5,3,3,0,5,3,0,5,1,5
674,54-002-045-02,6,3,2,5,5,4,0,5,1,2,5,2,5,1,5,0,5,5,0,5,1,3
675,54-002-046-01,5,5,4,5,5,5,2,5,4,4,4,3,5,3,1,0,0,5,0,6,1,5
676,54-002-007-01,1,8,6,6,8,8,2,8,2,6,8,2,8,6,6,0,8,0,0,4,1,8
677,54-002-048-01,3,5,1,0,5,5,0,5,0,2,2,2,6,3,3,0,6,5,0,7,0,5
678,54-002-049-01,2,4,3,2,5,5,0,5,3,5,5,3,6,5,2,5,2,8,0,5,2,5
679,54-002-006-01,7,6,3,6,7,8,1,6,1,5,5,0,8,3,6,6,8,8,0,8,3,8
680,54-002-005-01,8,3,2,7,8,8,2,8,6,3,7,3,8,4,8,6,8,3,0,8,3,8
681,54-002-004-01,7,8,6,7,8,8,2,8,0,2,3,3,8,8,3,3,8,8,0,8,0,8
682,54-002-003-01,1,0,0,2,7,6,1,5,1,1,5,3,4,1,2,1,7,6,0,7,1,3
683,54-002-002-01,0,1,4,8,8,8,0,7,2,4,4,2,2,2,3,1,8,6,0,8,2,3
684,54-002-070-01,2,3,2,1,4,2,0,5,1,3,3,3,6,2,2,0,5,7,0,6,0,2
685,54-002-069-02,1,3,1,3,5,3,0,3,0,0,3,1,3,6,1,0,6,3,0,3,1,1
686,54-002-069-01,2,3,3,2,6,5,0,5,3,5,5,3,7,3,3,2,6,6,5,6,0,5
687,54-002-068-01,2,2,1,2,5,2,1,2,1,2,2,2,6,2,2,2,6,0,0,6,1,3
688,54-002-067-01,1,3,2,3,3,3,1,5,0,1,6,3,6,2,2,0,6,0,0,2,0,6
689,54-002-066-01,1,1,1,1,5,3,1,5,1,1,1,1,6,1,1,1,1,5,0,5,1,1
690,54-002-065-01,0,3,2,2,3,5,1,4,1,6,6,2,5,5,3,2,6,6,0,6,1,6
691,54-002-063-02,0,5,5,3,5,3,1,5,1,3,3,1,3,2,3,3,6,5,0,6,0,6
692,54-002-055-01,6,5,3,5,5,5,2,5,1,3,3,2,5,3,2,3,6,5,0,7,1,5
693,54-002-054-02,4,4,5,2,5,5,2,4,4,3,4,4,1,3,2,3,1,1,0,1,2,4
694,54-002-054-01,1,6,1,7,8,6,1,8,1,1,2,1,6,2,0,0,6,5,0,5,0,6
695,54-002-076-01,3,2,2,5,5,6,2,5,2,3,3,2,6,2,2,0,5,5,0,7,1,2
696,54-002-059-01,1,0,0,4,5,5,2,5,2,3,5,3,7,3,3,5,7,5,0,7,0,5
697,54-002-060-01,5,1,5,5,5,5,1,5,2,3,3,2,2,3,0,0,5,8,0,7,2,3
698,54-002-060-02,0,3,1,3,3,3,2,5,3,3,3,3,4,3,1,1,6,5,0,8,3,3
699,54-002-061-01,5,5,5,5,5,5,1,5,5,3,5,2,6,2,2,1,6,5,0,5,1,5
700,54-002-061-02,4,3,5,5,5,5,1,4,3,3,3,1,6,3,3,3,6,5,0,5,1,3
701,54-002-062-01,3,3,1,1,5,6,0,5,1,3,3,2,6,2,2,1,6,0,1,7,1,2
702,54-002-035-01,6,6,6,6,6,7,2,4,4,4,4,3,7,3,3,7,7,7,0,7,2,3
703,54-002-036-01,5,5,5,5,5,6,0,5,0,2,5,2,5,3,2,6,5,5,0,7,1,5
704,54-002-038-01,2,3,2,5,5,7,2,5,1,3,5,2,5,5,2,3,5,3,0,5,1,5
705,54-002-072-01,3,3,3,5,5,4,1,5,5,3,3,2,7,3,3,5,5,5,0,5,2,5
706,54-002-075-01,0,5,3,5,5,5,2,5,2,3,3,3,5,3,3,1,6,0,0,6,0,5
707,54-001-006-03,3,5,3,1,5,5,0,5,2,8,8,3,6,5,3,6,6,6,0,6,2,7
708,54-101-023-01,3,3,3,2,2,3,0,4,1,3,4,1,5,1,2,3,6,2,0,7,0,7
709,54-101-022-01,1,3,1,1,1,4,0,2,1,3,3,1,6,1,3,3,6,0,0,5,0,3
710,54-101-021-01,2,3,3,5,5,3,2,3,1,3,3,3,6,3,2,1,5,0,0,7,1,5
711,54-101-019-01,0,5,5,5,5,5,0,3,3,4,5,2,6,3,3,1,5,5,0,5,1,7
712,54-101-018-01,5,5,5,5,5,5,2,5,3,5,5,3,3,5,3,3,5,5,0,6,1,2
713,54-101-017-01,0,3,3,0,5,5,2,5,1,3,3,3,5,5,3,2,6,0,0,6,0,5
714,54-101-016-01,3,1,0,5,5,6,0,5,1,3,5,2,6,2,3,5,5,3,0,6,2,5
715,54-101-013-01,0,3,3,2,2,3,0,3,1,0,2,1,5,2,2,1,6,2,0,5,1,3
716,54-101-010-01,0,6,1,5,5,8,1,5,2,0,3,0,7,5,3,1,6,2,0,6,0,7
717,54-101-009-02,1,5,2,2,6,5,0,4,1,2,4,2,4,1,5,0,6,3,0,5,2,3
718,54-101-009-01,6,3,2,5,5,5,2,4,2,0,5,2,7,1,5,0,7,0,0,6,0,3
719,54-101-008-01,2,3,2,3,5,5,0,5,3,1,5,2,5,3,2,3,5,2,0,6,2,5
720,54-101-007-01,0,3,3,2,2,5,1,5,1,2,3,3,6,3,3,0,0,0,0,6,1,2
721,54-101-006-02,0,3,3,1,1,5,5,5,3,5,5,0,5,5,2,0,5,0,0,0,0,5
722,54-101-004-01,3,5,3,5,5,5,5,5,3,3,3,3,6,5,5,0,5,5,0,7,0,1
723,54-101-003-01,2,3,3,5,5,5,1,3,2,3,5,3,6,3,2,3,6,0,0,8,1,5
724,54-101-002-01,3,2,2,5,5,3,2,3,1,3,3,2,6,2,2,1,6,5,0,6,2,5
725,54-101-002-02,1,2,1,5,5,5,0,2,1,5,5,2,6,2,2,2,7,5,0,5,5,5
726,54-101-039-01,1,5,2,5,5,3,0,2,2,2,3,1,5,2,2,5,6,2,2,0,0,5
727,54-101-038-01,3,4,3,5,5,5,3,5,2,3,3,1,5,3,2,2,5,0,0,0,1,5
728,54-101-037-01,0,5,2,5,5,5,0,5,0,0,3,2,2,0,2,5,0,5,0,4,0,5
729,54-101-035-01,5,1,0,3,4,4,0,5,0,3,3,1,5,1,2,0,6,6,0,0,0,5
730,54-101-034-01,4,5,4,4,4,5,3,3,3,3,3,3,5,2,3,1,5,0,0,5,1,2
731,54-101-033-01,1,3,1,1,5,2,1,5,1,5,5,1,5,2,3,2,5,6,0,6,1,2
732,54-001-024-01,1,3,1,1,2,4,0,5,1,3,3,3,6,2,2,3,6,6,0,6,0,3
733,54-102-020-01,4,4,2,2,4,3,1,5,1,3,5,2,4,3,3,1,5,1,0,6,3,3
734,54-102-044-02,0,2,0,1,2,3,1,3,0,2,2,3,6,2,1,0,6,0,0,6,1,2
735,54-102-039-02,3,3,3,3,4,4,0,3,1,2,3,2,3,1,2,1,6,0,0,3,1,3
736,54-102-036-02,0,0,3,3,5,3,0,4,0,3,3,2,5,3,2,0,5,0,0,0,0,1
737,54-102-022-01,0,6,3,2,2,5,3,5,3,3,6,4,1,3,3,0,7,5,0,6,1,6
738,54-102-023-01,1,3,3,3,3,6,0,5,3,2,3,2,6,5,3,0,6,5,0,8,0,3
739,54-102-023-02,3,3,3,5,5,5,1,5,2,2,5,2,6,2,3,3,5,5,0,6,1,6
740,54-102-024-01,2,4,2,5,5,5,2,5,2,3,5,2,6,3,2,3,6,6,0,6,1,7
741,54-102-025-01,5,5,3,5,5,3,2,3,1,2,3,1,5,2,2,5,6,5,0,0,0,6
742,54-001-005-01,6,5,1,3,6,6,2,5,2,5,5,3,6,1,3,3,3,6,3,7,0,7
743,54-001-004-01,0,2,1,3,3,5,0,3,1,2,2,1,3,3,2,2,6,7,0,6,1,7
744,54-001-003-01,5,2,2,5,5,5,1,5,1,2,5,1,6,2,2,2,6,5,0,8,2,5
745,54-001-002-01,2,5,1,5,5,5,1,5,2,5,5,1,5,2,3,0,5,5,0,8,0,6
746,54-001-001-01,1,6,2,2,6,8,1,7,1,8,8,3,4,4,2,0,6,1,0,8,2,5
747,54-502-004-01,0,0,2,4,4,5,3,5,1,5,5,2,5,2,2,0,2,5,0,8,1,5
748,54-502-009-01,0,3,1,2,2,7,3,5,1,2,3,0,6,1,2,1,0,7,0,0,2,2
749,54-502-011-01,0,2,0,3,4,1,0,4,1,4,6,1,7,1,3,0,0,6,5,5,3,7
750,54-002-071-01,0,1,2,1,5,3,1,2,1,1,1,1,5,3,2,0,6,0,0,5,0,1
751,54-101-027-01,0,5,5,3,3,5,5,5,0,2,2,2,2,2,2,2,5,5,0,6,1,5
752,54-101-028-01,3,4,4,5,5,5,2,4,1,3,3,2,5,5,1,0,5,5,0,6,1,4
753,54-001-012-01,5,5,2,5,5,6,1,5,2,3,3,3,5,2,1,2,6,5,0,5,0,5
754,54-101-029-01,5,2,1,2,3,5,0,3,1,5,5,4,5,3,2,1,7,5,1,2,3,5
755,54-101-029-02,1,1,1,1,3,5,0,3,1,5,5,1,5,3,2,1,7,5,1,2,3,5
756,54-101-031-01,5,3,2,5,5,5,0,3,3,3,5,2,5,5,2,0,5,3,0,5,1,5
757,54-101-032-01,5,5,3,3,3,5,1,4,3,1,3,3,5,4,3,0,6,0,0,5,1,0
758,54-002-016-01,3,3,3,0,7,8,0,5,2,0,8,1,8,2,3,1,8,1,0,8,2,4
759,54-002-001-01,5,2,2,1,5,4,1,5,2,5,5,2,5,2,2,0,6,0,0,6,1,2
760,54-001-013-01,1,3,2,3,3,4,1,3,2,2,6,3,3,3,3,3,5,5,4,5,1,5
761,54-002-021-01,0,1,1,5,5,5,0,3,0,3,3,2,6,2,3,3,6,0,0,0,0,5
762,54-002-020-01,0,0,2,0,8,3,1,2,0,2,3,1,4,1,2,1,8,0,0,8,2,1
763,54-002-018-01,3,3,0,0,2,6,3,5,2,0,3,3,5,4,2,0,7,2,0,8,0,6
764,54-002-017-01,7,1,2,3,8,8,1,8,0,3,8,3,5,1,2,3,8,8,0,8,1,8
765,54-001-014-01,6,6,1,6,6,5,0,4,1,5,5,3,7,2,1,3,0,7,0,8,2,8
766,54-001-016-01,5,5,1,2,3,6,0,5,0,3,3,1,6,3,3,0,6,5,0,6,0,0
767,54-001-046-02,5,5,1,4,6,6,0,5,0,4,4,2,5,2,2,2,6,5,0,7,0,5
768,54-001-048-02,3,3,2,0,5,3,1,3,1,3,4,1,6,1,1,3,6,5,0,6,1,6
769,54-001-040-02,2,6,2,3,3,4,1,4,0,3,4,2,7,1,2,2,3,5,4,6,0,3
770,54-001-025-02,2,4,0,5,5,5,0,3,1,3,5,3,8,5,5,0,7,0,0,8,0,7
771,54-001-011-01,1,1,0,3,3,2,0,5,0,3,3,3,5,3,3,4,6,0,0,5,0,1
772,54-001-010-01,3,3,1,1,2,4,2,3,3,2,3,3,5,5,3,2,6,0,0,6,0,2
773,54-001-009-01,0,2,0,2,4,3,0,3,0,0,3,0,5,2,2,0,6,0,0,0,2,1
774,54-001-008-01,2,3,2,0,1,5,0,5,5,3,3,3,5,4,3,2,5,6,0,5,1,2
775,54-001-007-01,1,2,1,2,5,5,1,5,2,2,2,2,5,2,3,1,6,0,1,7,1,6
776,54-002-094-01,1,3,2,5,5,5,0,3,1,3,3,2,5,2,2,0,6,5,0,6,1,4
777,54-002-095-01,3,5,2,5,5,6,1,5,2,5,5,3,6,3,2,1,6,5,0,8,0,6
778,54-002-095-02,3,5,3,5,5,6,1,5,2,6,6,3,6,3,2,1,6,6,0,5,0,6
779,54-002-096-01,5,5,3,5,5,6,5,5,1,5,6,2,6,3,2,0,6,5,0,7,0,6
780,54-002-097-01,1,5,5,5,5,5,1,5,1,2,5,1,5,2,6,2,0,1,0,3,0,5
781,54-002-098-01,0,4,3,1,2,5,1,5,1,4,4,1,5,2,3,0,5,0,0,0,0,5
782,54-002-099-01,0,5,2,2,5,5,2,3,1,2,3,3,6,2,2,5,6,0,0,5,0,7
783,54-002-100-01,3,3,2,5,5,6,2,5,1,3,3,3,6,3,1,0,7,5,0,5,0,7
784,54-002-077-02,1,1,2,3,3,5,2,5,2,3,3,2,6,3,2,0,0,5,0,7,1,3
785,54-502-019-01,0,5,3,3,5,6,5,5,3,3,5,3,8,3,3,0,6,5,0,7,1,6
786,54-502-020-01,0,5,2,2,3,2,1,5,1,3,3,1,6,2,4,3,8,0,1,6,2,3
787,54-502-022-01,3,3,1,3,5,4,0,3,2,5,5,2,6,3,3,2,6,5,0,6,0,6
788,54-503-003-01,0,0,0,5,5,3,3,5,2,0,5,5,5,3,2,0,6,5,0,0,1,5
789,54-002-078-01,1,5,3,3,5,5,1,3,1,2,3,2,5,2,2,3,6,5,0,8,1,5
790,54-002-079-01,6,5,5,2,3,6,0,4,2,3,3,1,5,3,3,0,7,2,0,6,1,7
791,54-002-091-01,7,8,2,6,7,6,5,6,2,3,5,2,8,3,3,7,6,6,0,7,1,7
792,54-002-092-01,5,1,2,1,3,5,1,5,1,2,3,2,3,3,2,0,6,5,0,5,0,6
793,54-002-092-02,1,1,1,1,2,3,0,3,0,3,3,2,5,1,1,0,6,6,0,7,1,3
794,54-002-093-01,5,5,2,0,2,5,1,5,0,4,5,3,3,3,3,1,7,0,8,8,0,5
795,54-002-012-01,8,1,3,3,6,8,0,8,7,3,5,1,7,6,3,0,7,5,0,7,0,3
796,54-001-023-01,0,6,2,5,6,7,0,3,2,1,3,2,6,3,3,0,7,2,0,7,0,7
797,54-002-014-01,5,3,3,0,5,5,3,5,1,0,5,3,5,5,4,0,0,0,0,5,1,5
798,54-002-013-01,0,2,2,5,5,5,0,5,2,2,5,0,6,4,3,0,6,6,0,5,0,4
799,54-002-034-01,1,1,1,2,5,2,1,5,1,5,5,1,6,3,4,1,5,8,0,0,1,3
800,54-002-008-01,8,5,5,3,5,5,1,4,0,3,3,1,5,3,3,0,6,6,0,4,0,5
801,54-002-009-01,5,5,3,3,5,3,3,5,2,5,5,3,5,5,3,2,6,3,0,6,1,3
802,54-001-015-01,0,5,5,5,5,5,0,3,1,3,3,2,6,1,1,1,7,6,0,0,1,8
803,54-002-010-01,5,5,3,3,5,5,3,3,3,3,3,2,5,5,3,2,4,3,0,4,1,3
804,54-002-011-01,5,2,2,0,5,5,0,5,2,0,2,2,5,3,5,0,0,0,0,6,0,5
805,54-001-021-01,0,3,2,1,3,3,1,4,0,3,3,3,7,3,4,2,6,0,0,6,0,3
806,54-001-089-01,5,3,0,3,4,5,0,3,1,5,5,1,6,2,2,1,0,6,0,7,3,1
807,54-001-006-02,1,3,1,3,3,6,0,3,2,2,3,3,5,1,2,0,7,1,0,5,1,1
808,54-001-052-02,1,5,5,5,5,3,1,3,2,3,3,2,5,3,2,2,6,6,0,6,0,5
809,54-602-007-01,2,1,1,4,5,3,1,3,0,2,2,1,3,2,2,2,5,5,0,5,0,3
810,54-602-002-02,3,3,1,0,6,5,1,2,1,2,2,1,6,5,3,1,3,0,0,5,1,3
811,54-001-030-01,3,3,2,4,5,6,1,3,0,4,4,2,7,2,1,1,6,5,0,7,2,6
812,54-001-057-02,2,2,1,2,3,2,1,2,1,2,2,1,5,2,2,2,5,5,0,4,1,2
813,54-602-005-02,5,2,1,5,5,3,0,3,2,1,4,1,3,3,3,1,6,5,0,6,0,2
814,54-001-066-02,6,5,1,5,5,3,1,5,1,1,3,2,3,3,3,3,6,1,1,6,2,6
815,54-602-006-02,2,1,1,0,5,6,2,6,0,5,5,2,7,3,5,1,5,0,0,8,1,5
816,54-001-068-02,1,5,2,0,6,5,1,5,2,3,3,3,7,3,5,2,7,5,0,4,3,6
817,54-001-090-02,2,3,2,2,3,4,2,4,2,2,3,3,5,3,2,0,6,5,0,7,0,3
818,54-001-005-02,0,2,0,3,6,1,0,4,0,3,3,1,7,2,1,6,0,8,0,6,1,3
819,54-102-337-01,5,3,3,3,3,3,1,3,1,3,3,2,4,3,3,1,6,5,0,6,1,3
820,54-101-024-01,0,2,3,5,5,5,3,5,3,1,3,2,5,3,3,0,6,0,0,6,0,8
821,54-102-338-01,4,4,3,0,2,4,0,4,1,3,4,2,1,2,2,2,2,0,0,7,2,1
822,54-101-025-01,2,6,3,6,6,6,3,3,1,3,3,3,6,5,5,5,6,0,0,5,0,7
823,54-102-338-02,2,3,2,3,4,5,0,3,2,3,3,1,6,3,2,1,6,0,0,6,0,4
824,54-101-026-01,1,2,2,4,5,4,0,5,0,5,5,2,6,1,3,0,6,5,0,8,3,5
825,54-102-339-01,5,6,2,0,3,5,2,4,2,3,3,3,6,3,3,0,6,0,0,0,0,5
826,54-101-047-01,7,6,0,5,5,5,0,5,1,2,5,1,5,5,2,7,0,0,0,7,1,6
827,54-102-340-01,0,5,3,3,3,6,3,3,2,3,3,2,7,3,3,1,0,3,0,7,4,6
828,54-101-048-01,2,6,1,1,3,3,1,4,4,2,7,1,6,2,2,0,6,0,0,1,0,2
829,54-102-341-01,1,3,1,5,5,4,2,2,1,2,3,1,7,2,2,1,6,0,0,7,3,5
830,54-101-049-01,3,5,0,4,4,1,0,5,1,4,4,3,7,2,3,0,8,2,0,8,2,1
831,54-102-342-01,0,5,1,5,5,5,1,5,0,2,3,1,5,3,3,1,7,4,0,6,0,5
832,54-101-053-01,0,5,5,3,3,5,1,4,4,0,3,3,3,3,2,0,5,6,0,5,0,5
833,54-102-343-01,5,5,5,2,2,5,3,5,3,3,5,3,6,3,4,0,6,5,0,6,0,3
834,54-101-054-01,5,3,3,3,3,3,1,4,1,1,3,3,5,3,3,3,5,5,0,3,0,1
835,54-102-344-01,3,3,3,5,5,5,3,5,2,3,3,3,4,3,2,5,7,0,0,7,0,5
836,54-101-050-01,6,3,3,3,3,5,5,5,5,3,5,3,3,5,2,0,5,0,0,5,0,2
837,54-101-051-01,2,4,3,5,6,5,1,5,3,3,3,2,5,3,2,3,5,3,0,5,0,4
838,54-102-345-01,0,6,2,6,6,6,1,4,1,3,3,2,5,3,1,1,6,1,0,7,1,7
839,54-101-052-01,3,5,5,2,2,3,1,3,1,2,3,2,3,2,2,0,6,6,0,6,3,5
840,54-101-041-01,3,3,1,4,5,3,0,3,1,4,4,0,3,3,1,0,6,6,0,7,2,5
841,54-101-042-01,1,3,3,3,3,7,1,5,1,1,5,2,5,2,5,6,6,3,0,6,1,3
842,54-101-043-01,5,3,2,5,5,3,2,3,0,3,3,0,6,3,2,3,5,5,1,6,3,3
843,54-101-044-01,0,1,1,2,3,2,0,4,1,4,4,1,4,3,2,3,5,5,1,7,1,2
844,54-101-045-01,3,3,2,3,3,5,0,4,1,0,4,0,7,1,3,1,6,6,0,6,1,3
845,54-101-046-01,1,0,0,0,5,5,0,5,1,2,3,0,6,3,3,0,6,0,0,7,5,4
846,54-101-065-01,1,1,1,1,5,1,0,5,0,2,5,1,5,3,3,1,5,5,3,5,0,3
847,54-101-067-01,2,3,0,5,5,5,0,5,0,3,5,3,6,2,3,0,5,5,0,8,3,5
848,54-101-068-01,2,2,1,1,1,2,0,3,1,1,2,0,5,2,1,0,2,7,0,2,1,5
849,54-001-076-01,0,5,2,5,5,6,0,5,0,2,5,3,5,3,2,3,0,3,0,7,0,5
850,54-602-009-01,1,3,2,2,2,5,1,5,1,1,5,5,6,5,5,0,6,1,0,7,0,1
851,54-602-019-01,1,4,1,2,5,6,2,6,4,1,5,1,6,3,3,6,6,0,0,5,0,5
852,54-001-107-01,5,5,1,3,3,5,0,5,1,3,6,2,3,3,3,2,6,0,0,7,0,2
853,54-001-042-01,5,3,3,5,5,5,2,5,3,3,3,3,2,3,3,5,3,5,0,5,1,5
854,54-001-041-01,0,3,2,3,3,4,0,3,0,4,4,1,5,1,3,1,6,5,0,7,1,2
855,54-001-006-01,2,7,2,3,6,4,3,4,4,4,4,3,6,3,3,3,7,5,0,6,0,8
856,54-602-003-01,5,5,3,3,4,5,0,5,0,3,3,3,7,2,2,3,7,1,0,6,0,6
857,54-001-064-01,1,5,3,5,5,6,2,2,1,2,2,1,6,2,2,3,5,6,0,3,0,6
858,54-001-063-01,3,3,4,2,4,3,1,3,2,3,3,2,6,3,3,1,7,1,0,7,0,4
859,54-001-061-01,1,2,2,2,2,2,1,2,1,2,2,1,4,1,2,2,5,5,0,2,1,1
860,54-001-069-01,5,3,0,3,3,5,0,4,1,2,5,2,8,1,3,2,6,5,0,5,1,5
861,54-001-019-01,5,6,3,4,6,5,2,5,2,5,5,3,6,3,3,3,7,0,2,8,2,6
862,54-001-022-01,2,3,1,2,5,2,1,5,0,2,2,1,6,2,2,0,0,0,0,6,0,2
863,54-102-348-01,5,5,3,2,3,5,5,4,1,1,5,1,7,5,3,3,8,0,0,6,0,7
864,54-102-349-01,3,3,3,3,3,3,4,4,1,3,3,3,6,5,2,0,5,0,0,6,0,5
865,54-101-031-02,3,5,1,1,2,3,1,2,1,1,2,1,5,2,2,0,6,0,0,6,0,2
866,54-101-052-02,0,5,5,1,1,3,0,3,0,4,4,3,3,3,2,0,6,0,0,7,1,1
867,54-101-055-01,0,3,3,3,3,3,0,2,2,2,2,2,4,3,3,4,4,4,1,6,3,1
868,54-101-056-01,0,0,0,4,4,3,0,4,0,3,3,1,6,2,2,1,6,4,0,6,0,2
869,54-101-060-01,5,2,2,1,3,5,2,4,2,2,2,2,4,2,2,2,5,5,0,5,0,6
870,54-101-061-01,0,3,2,3,3,6,0,5,2,2,3,1,7,2,3,3,5,5,0,6,1,2
871,54-101-062-01,3,5,1,5,5,3,0,3,1,2,6,1,6,1,2,1,5,5,0,5,0,3
872,54-101-064-01,5,5,3,5,5,5,1,5,3,3,5,1,6,3,3,3,6,5,0,7,0,3
873,54-101-068-02,2,3,0,1,3,3,0,3,0,2,3,1,6,1,1,0,6,0,0,6,3,2
874,54-101-069-01,3,4,1,1,4,4,1,4,3,4,4,3,6,2,3,1,6,0,1,6,2,6
875,54-101-070-01,1,1,1,3,3,5,0,3,3,1,1,3,5,2,2,1,5,5,0,3,0,3
876,54-101-071-01,3,4,2,3,4,6,0,2,1,3,4,1,6,3,1,0,6,0,0,7,1,8
877,54-101-074-01,7,5,0,2,5,6,0,5,0,6,6,5,6,1,1,0,8,5,0,0,1,8
878,54-101-075-01,5,5,4,5,5,5,3,5,3,3,3,3,1,3,2,0,6,3,0,7,2,3
879,54-101-078-01,2,5,3,5,5,6,0,3,0,3,3,3,6,3,3,3,6,5,0,6,1,2
880,54-101-079-01,5,5,3,4,4,5,0,5,1,3,3,2,6,3,1,0,6,6,0,8,1,5
881,54-101-080-01,3,3,1,1,2,5,0,5,1,2,4,1,6,2,1,0,7,0,0,5,2,6
882,54-101-080-02,3,3,1,2,3,2,0,3,1,2,3,2,6,2,3,2,5,6,1,6,2,5
883,54-101-081-01,0,5,5,3,3,6,0,5,1,3,4,1,1,3,0,1,6,7,0,6,0,4
884,54-103-018-01,2,5,1,6,6,5,0,5,1,5,6,3,8,5,5,0,5,7,0,5,0,6
885,54-103-024-01,2,5,4,3,3,3,0,4,1,3,3,2,6,5,3,6,6,0,0,6,0,1
886,54-102-180-01,2,2,2,2,2,6,0,5,1,5,5,1,6,2,2,0,5,6,0,5,2,2
887,54-102-179-01,2,5,3,3,5,5,1,5,1,2,3,2,6,3,2,5,6,6,0,7,0,5
888,54-002-029-01,3,3,1,1,4,5,1,5,1,4,5,3,5,3,5,2,5,2,0,5,0,5
889,54-002-027-01,0,3,3,0,5,3,0,5,1,1,2,1,5,2,3,0,6,2,0,7,0,6
890,54-002-026-01,1,5,3,3,3,3,0,5,0,3,3,2,3,5,3,3,6,5,0,6,1,2
891,54-002-025-01,3,5,3,5,5,5,1,5,3,3,5,3,6,2,2,1,6,6,0,6,3,5
892,54-102-178-01,5,2,2,5,5,4,2,5,5,2,2,1,5,3,5,1,6,5,0,0,0,1
893,54-102-177-01,2,5,1,5,5,7,2,5,1,3,3,1,5,2,2,0,5,0,0,6,0,5
894,54-102-176-01,0,5,0,1,1,5,1,3,3,3,3,2,6,3,5,0,5,6,0,6,1,6
895,54-102-175-01,5,5,3,5,5,4,1,5,4,3,5,2,5,3,5,2,6,0,0,5,0,5
896,54-102-174-01,3,3,3,3,5,5,3,5,0,2,3,2,5,2,1,0,5,5,0,5,1,5
897,54-102-173-01,2,5,3,2,2,7,5,5,1,2,3,3,6,2,2,1,6,6,0,7,1,5
898,54-102-083-01,1,1,1,0,1,3,0,2,1,3,3,2,2,2,2,0,0,6,0,7,1,3
899,54-102-335-02,1,2,1,3,3,2,0,3,0,1,3,1,6,2,2,0,6,0,0,5,1,2
900,54-001-036-02,0,4,1,2,3,4,0,3,0,1,3,2,7,2,2,1,6,1,2,8,1,5
901,54-103-023-01,5,2,2,5,5,5,2,5,2,5,5,2,6,4,3,0,6,5,0,8,0,5
902,54-103-022-02,5,6,2,1,6,3,3,3,0,2,2,1,7,2,3,0,6,5,0,6,2,7
903,54-103-022-01,3,6,2,5,5,5,3,3,0,1,2,1,7,2,3,0,6,5,0,6,1,7
904,54-103-030-01,2,2,1,3,3,3,1,3,1,3,3,1,5,3,1,1,6,5,0,7,0,5
905,54-103-029-01,4,5,3,3,3,5,3,4,2,1,3,3,6,3,3,0,6,3,0,7,0,7
906,54-103-028-01,3,5,3,6,6,5,1,3,0,2,3,2,7,2,3,3,6,5,0,7,1,6
907,54-103-026-01,2,4,0,3,3,5,0,5,1,3,4,1,7,2,1,0,5,7,0,6,2,6
908,54-103-025-01,4,3,3,3,5,3,3,3,2,2,3,2,5,4,3,1,8,2,0,8,2,8
909,54-102-358-02,3,1,1,3,4,4,0,3,0,1,4,0,7,2,2,3,6,8,1,7,3,4
910,54-102-356-02,3,3,2,2,3,3,0,5,1,2,5,2,6,3,3,3,5,5,1,5,2,5
911,54-102-205-02,5,4,3,5,5,6,0,6,3,5,5,2,6,2,5,2,7,2,0,6,1,6
912,54-102-320-01,3,5,3,0,3,5,0,5,0,2,3,1,3,3,3,2,4,2,0,0,0,5
913,54-102-303-01,5,5,5,4,4,3,3,3,2,3,3,2,5,3,3,3,6,1,0,6,1,3
914,54-102-304-01,0,0,0,0,5,3,1,5,0,5,5,3,6,3,3,3,6,5,2,3,2,2
915,54-102-304-02,5,3,0,5,5,4,1,3,1,4,4,2,7,3,3,1,6,5,0,7,0,3
916,54-102-305-01,0,3,1,3,4,5,0,5,1,3,6,2,6,2,3,5,5,5,2,5,1,2
917,54-102-306-01,1,5,1,3,5,5,0,4,2,5,5,2,5,2,2,0,5,5,0,8,1,5
918,54-102-306-02,1,5,2,3,3,3,2,4,3,5,5,2,3,2,3,2,4,3,0,5,1,3
919,54-102-307-01,0,3,1,5,5,4,1,4,2,3,4,0,6,4,3,2,4,6,0,4,0,5
920,54-102-353-01,4,4,2,5,5,5,2,3,1,3,3,2,5,2,2,1,5,5,0,6,1,5
921,54-102-354-01,0,0,0,5,5,3,1,4,2,3,3,3,4,3,2,3,6,5,0,5,2,5
922,54-102-354-02,0,3,3,3,3,4,0,6,2,6,6,2,6,4,2,1,8,2,0,5,2,5
923,54-102-355-01,2,2,1,2,2,2,1,2,1,2,2,2,5,2,2,1,4,0,0,2,1,2
924,54-102-356-01,1,5,0,5,5,7,0,3,1,1,3,1,6,2,3,0,6,6,0,5,1,0
925,54-102-318-02,0,5,5,5,5,6,2,4,1,3,5,3,6,2,3,0,5,5,0,6,1,3
926,54-102-319-01,6,6,3,3,6,6,0,3,0,3,3,1,6,3,3,1,4,5,0,6,0,5
927,54-102-325-01,6,2,1,7,7,7,3,5,1,3,3,3,6,3,3,1,2,7,0,7,1,5
928,54-102-326-01,0,5,3,5,5,5,5,7,2,3,3,3,5,5,3,0,0,5,0,7,1,6
929,54-102-327-01,4,3,3,3,5,3,1,4,2,3,3,2,3,3,2,3,3,5,1,3,0,3
930,54-102-328-01,5,5,1,2,5,4,0,5,1,2,3,0,5,5,1,1,5,5,0,6,1,5
931,54-102-308-01,0,3,2,2,3,6,0,4,1,3,3,2,5,3,2,0,6,6,0,7,0,5
932,54-102-352-01,0,3,3,5,5,5,2,4,1,2,4,1,4,3,2,0,0,5,0,7,1,5
933,54-102-345-02,4,3,0,3,3,3,0,4,3,3,3,3,6,3,3,3,6,5,0,6,0,3
934,54-102-211-01,4,4,4,3,3,3,2,3,1,3,3,2,4,3,3,0,4,4,0,4,0,4
935,54-102-212-01,1,2,0,1,2,3,0,2,0,2,2,1,5,2,2,0,5,2,0,6,0,2
936,54-102-212-02,0,3,1,3,5,4,0,4,1,1,3,0,6,3,4,3,6,5,0,6,0,7
937,54-102-213-01,5,5,2,5,5,5,1,4,0,3,4,1,5,1,2,0,5,0,0,6,0,5
938,54-102-214-01,5,5,5,5,5,4,2,4,3,3,3,4,4,4,3,3,5,5,0,3,1,3
939,54-102-214-02,5,5,1,5,5,4,0,5,0,3,5,2,5,3,2,0,5,5,0,5,0,6
940,54-102-215-01,2,3,3,3,5,3,1,3,1,2,3,1,5,5,5,1,5,3,0,5,1,5
941,54-102-216-01,5,5,3,5,5,5,1,3,2,4,6,2,6,2,3,4,5,5,0,6,3,5
942,54-102-220-01,3,1,0,0,4,2,0,3,0,3,3,1,5,3,3,2,6,5,0,5,0,2
943,54-102-336-01,5,3,2,5,5,5,0,5,2,3,3,3,6,2,2,0,6,0,0,6,0,5
944,54-102-223-01,0,3,3,3,3,8,0,5,0,5,5,2,7,5,2,1,2,0,0,6,0,7
945,54-102-224-01,3,6,3,5,5,6,5,5,2,1,6,3,6,3,2,5,8,6,0,0,0,6
946,54-102-224-02,3,6,3,5,5,5,5,5,2,0,3,3,6,3,2,0,7,0,0,7,0,6
947,54-102-225-01,3,3,3,4,5,4,5,5,2,5,5,2,6,3,3,3,3,0,2,5,1,5
948,54-102-219-01,1,2,1,0,5,2,0,2,0,2,4,1,6,3,3,0,4,6,0,0,0,3
949,54-102-226-01,2,5,2,5,5,5,2,2,1,0,2,1,5,5,2,0,5,0,0,6,1,6
950,54-102-227-01,3,3,0,3,3,5,0,4,0,3,3,3,6,3,3,3,6,1,0,6,0,6
951,54-102-330-01,2,2,2,2,3,5,0,5,0,3,3,3,5,2,2,3,5,0,0,5,0,2
952,54-102-217-01,1,1,3,3,3,3,2,5,3,1,5,1,5,5,3,1,5,5,0,2,0,2
953,54-102-331-01,5,2,1,3,3,5,0,5,2,3,3,1,3,3,2,2,2,6,1,2,0,1
954,54-102-331-02,5,3,2,3,4,5,0,5,1,3,3,2,7,3,3,2,4,5,0,6,0,4
955,54-102-332-01,5,3,3,5,5,6,2,3,2,1,3,3,6,3,3,1,2,0,0,7,1,2
956,54-002-033-01,1,3,1,3,4,5,0,6,1,2,3,2,6,2,3,2,6,0,0,7,3,3
957,54-102-333-01,5,5,3,5,5,5,0,3,1,3,3,3,6,3,0,1,7,2,0,6,0,6
958,54-102-334-01,2,3,3,2,2,4,1,3,0,3,3,1,5,3,3,1,7,2,0,7,0,3
959,54-102-221-01,0,5,3,0,3,3,1,4,0,4,4,3,5,3,3,2,6,0,0,6,1,6
960,54-102-222-01,4,4,2,4,4,3,2,4,0,2,2,2,5,2,2,2,5,5,0,5,1,3
961,54-102-222-02,3,3,3,3,3,5,2,5,1,4,4,2,3,1,3,3,5,0,0,5,3,5
962,54-102-236-01,2,3,3,2,3,6,0,3,1,3,3,0,3,2,2,0,6,5,0,6,0,5
963,54-002-032-01,5,3,1,5,5,5,0,3,0,0,3,2,3,2,3,0,5,6,0,6,0,5
964,54-002-030-01,5,5,2,5,5,5,2,5,0,3,3,3,3,5,2,0,7,6,0,6,1,6
965,54-002-168-01,6,6,3,6,6,5,1,3,2,3,3,1,7,1,4,2,5,6,1,7,0,6
966,54-002-167-01,0,5,3,4,4,3,2,2,2,1,2,2,2,2,2,0,6,2,0,7,0,2
967,54-002-166-02,2,3,3,3,5,3,3,5,3,4,4,3,6,3,4,3,7,5,0,1,1,4
968,54-002-193-01,3,5,3,3,3,3,1,3,1,3,3,2,6,3,2,3,6,5,0,7,1,3
969,54-002-190-01,4,2,3,4,4,4,1,4,2,4,4,1,5,3,2,0,5,6,0,7,1,4
970,54-002-189-01,5,5,3,5,5,6,1,5,0,2,2,1,6,3,3,0,6,5,0,6,0,6
971,54-002-188-01,2,5,5,3,3,7,3,4,2,2,3,3,6,4,1,0,6,5,0,8,0,5
972,54-002-186-01,5,3,3,3,3,3,1,2,1,4,4,1,6,2,1,5,5,6,0,0,1,5
973,54-501-022-01,1,3,2,2,5,3,1,5,1,3,3,1,4,2,2,2,5,0,0,6,1,5
974,54-002-185-02,3,3,2,2,4,4,1,5,2,3,3,3,6,3,3,3,6,6,1,6,0,6
975,54-002-185-01,1,5,2,2,5,5,0,5,1,3,3,3,5,2,5,5,6,6,5,5,1,7
976,54-002-183-01,2,5,0,3,4,6,1,2,1,4,4,3,3,3,1,3,6,2,1,6,3,6
977,54-002-182-01,5,5,3,3,3,5,3,5,2,3,3,2,5,5,2,1,5,2,0,6,1,3
978,54-501-021-01,0,0,0,0,5,5,0,5,1,3,3,3,5,2,2,0,3,0,0,5,1,5
979,54-501-020-01,5,3,1,0,5,5,1,5,1,3,3,3,5,3,3,6,7,6,0,6,2,3
980,54-002-181-01,5,0,1,1,3,4,1,3,0,1,4,1,6,3,3,0,1,6,0,6,0,1
981,54-002-180-01,3,4,2,3,3,5,1,4,1,1,3,3,6,2,2,1,5,0,0,5,1,5
982,54-501-019-01,3,1,1,1,5,5,0,1,0,1,1,0,6,1,2,0,0,0,0,5,0,5
983,54-002-159-02,0,2,0,3,5,5,0,5,0,3,3,2,8,3,3,2,7,0,0,8,1,7
984,54-002-159-01,0,2,2,3,3,7,0,5,0,3,5,2,6,2,2,3,7,3,0,8,1,5
985,54-002-158-01,3,4,3,4,4,4,5,3,1,2,3,3,6,3,3,3,6,0,0,7,0,4
986,54-002-179-01,3,3,3,3,3,4,2,4,1,3,3,3,5,3,2,0,6,0,0,7,0,4
987,54-501-018-01,0,3,2,3,5,5,2,5,1,2,3,1,6,3,3,2,6,5,0,5,0,5
988,54-002-178-01,0,5,5,0,3,5,1,5,0,3,3,2,0,5,3,3,5,1,0,5,1,5
989,54-002-177-01,0,3,2,5,5,5,1,5,1,2,2,1,5,6,2,0,5,1,0,5,1,1
990,54-002-176-01,3,3,3,3,4,5,0,3,2,5,5,1,5,3,3,0,7,0,0,5,0,5
991,54-002-174-01,5,5,2,5,5,5,0,3,3,3,3,2,6,5,2,2,6,0,0,5,2,6
992,54-501-016-01,1,5,5,2,5,5,2,6,1,2,3,2,5,3,2,0,5,5,0,6,1,5
993,54-002-173-01,1,5,3,5,5,6,2,5,2,2,3,3,3,2,3,0,7,7,0,6,0,6
994,54-002-171-01,4,3,4,3,3,4,1,4,1,2,4,2,4,2,3,0,6,5,0,7,0,4
995,54-501-013-01,3,3,3,4,6,5,3,4,2,3,3,3,3,2,3,0,6,7,0,5,2,2
996,54-002-170-01,1,4,2,2,3,3,0,4,0,3,3,2,6,3,2,3,5,0,0,8,1,3
997,54-002-169-01,2,3,2,1,3,4,2,3,2,2,2,2,5,3,3,3,5,0,0,6,3,3
998,54-002-150-01,2,5,1,0,2,5,0,4,2,3,3,1,6,1,1,6,5,1,0,7,1,3
999,54-002-149-01,1,1,1,4,4,4,0,3,3,3,3,1,6,3,3,0,6,1,0,7,0,3
1000,54-002-148-02,6,5,5,3,3,5,1,5,2,2,5,2,6,5,2,0,6,0,0,8,0,6
1001,54-002-148-01,3,3,3,4,4,4,1,4,2,3,4,2,7,4,3,3,6,0,0,6,0,4
1002,54-501-012-02,3,3,3,3,5,8,0,5,0,3,3,1,5,3,3,0,6,0,0,6,1,5
1003,54-002-147-01,4,3,3,2,3,4,2,4,2,3,3,2,4,4,4,2,6,5,0,6,0,3
1004,54-501-011-01,6,3,3,2,5,6,3,3,1,3,5,2,6,2,3,2,6,5,0,7,0,6
1005,54-002-146-01,5,5,0,5,5,6,0,5,4,7,7,4,4,3,3,0,6,0,0,5,0,6
1006,54-501-095-01,3,4,3,5,5,3,3,5,2,5,5,2,5,3,2,3,7,0,0,6,1,3
1007,54-002-145-01,0,4,5,5,5,5,3,5,1,3,4,2,5,2,2,4,2,6,0,8,0,6
1008,54-002-144-02,3,3,3,3,4,2,1,3,1,3,3,1,3,2,3,2,6,5,0,6,0,5
1009,54-002-144-01,1,3,3,3,5,5,0,6,1,3,5,1,4,2,2,0,6,0,0,7,0,6
1010,54-501-094-02,5,5,0,5,5,2,0,5,0,2,2,2,6,2,3,2,0,6,0,0,2,5
1011,54-501-094-01,5,3,2,2,6,7,1,5,3,3,5,3,7,2,2,1,0,0,0,6,0,5
1012,54-501-092-02,3,3,2,5,5,4,1,4,3,3,5,1,5,2,2,1,6,5,0,4,2,2
1013,54-002-143-01,0,5,2,0,3,5,0,5,0,3,3,3,7,2,3,3,5,0,0,7,0,6
1014,54-501-092-01,2,2,1,5,5,2,1,5,1,1,2,1,5,2,2,1,5,5,0,1,0,4
1015,54-002-142-01,0,5,2,2,5,3,2,5,1,2,2,1,6,1,2,0,6,0,0,7,0,6
1016,54-002-157-01,0,1,1,1,3,5,3,5,0,3,3,3,7,3,3,2,5,5,0,8,0,4
1017,54-501-091-02,0,4,1,1,4,5,0,5,1,4,4,4,2,2,3,1,5,5,0,6,1,3
1018,54-501-023-01,2,3,2,3,5,5,1,5,2,6,6,3,7,3,3,2,6,0,0,6,0,5
1019,54-501-028-01,0,6,6,1,5,5,2,5,2,5,5,0,2,5,2,0,5,5,0,5,0,5
1020,54-501-027-01,1,5,6,3,5,5,0,5,2,5,6,4,5,3,3,3,5,5,0,5,0,6
1021,54-501-026-04,0,3,5,0,5,5,3,5,2,3,5,3,5,4,0,5,5,0,0,8,0,2
1022,54-501-026-03,2,3,2,2,5,5,2,5,2,3,3,2,5,3,1,2,5,0,0,7,1,5
1023,54-501-064-01,0,2,1,2,2,3,1,5,3,2,4,3,7,2,3,2,7,0,0,6,3,5
1024,54-501-081-01,0,3,2,1,5,3,1,3,2,2,2,1,5,1,2,1,6,0,0,7,1,4
1025,54-501-082-01,5,3,1,5,5,5,1,4,1,3,3,3,6,3,3,1,6,0,0,5,0,7
1026,54-501-083-01,5,3,1,0,2,2,0,4,1,2,2,2,3,3,2,0,3,0,0,6,0,1
1027,54-501-084-01,5,5,3,4,4,4,0,4,0,3,3,2,7,2,4,3,6,3,0,5,0,5
1028,54-102-082-01,0,5,5,5,5,5,0,3,0,3,3,3,5,3,3,0,6,6,0,6,0,5
1029,54-601-001-01,2,3,1,3,3,6,0,5,1,4,4,1,5,2,3,3,6,0,1,6,1,5
1030,54-501-085-01,2,3,2,3,5,5,1,4,3,3,3,1,5,2,3,0,5,6,0,5,1,5
1031,54-501-088-01,3,3,3,3,5,5,3,5,1,2,3,2,6,1,5,2,5,6,0,5,0,6
1032,54-601-001-02,3,4,3,3,3,4,3,4,1,4,4,1,3,3,4,1,3,0,0,7,0,3
1033,54-601-002-01,5,5,4,0,5,6,5,6,1,3,3,2,5,5,3,5,3,0,0,5,0,5
1034,54-501-089-01,3,6,2,6,6,3,1,3,1,3,3,1,6,2,2,1,7,0,0,6,0,6
1035,54-601-003-01,0,5,3,5,6,6,1,5,3,2,4,2,6,3,3,0,7,6,0,7,1,5
1036,54-501-090-01,0,6,1,0,4,3,2,5,6,3,4,3,5,4,3,0,2,0,0,2,0,2
1037,54-102-081-01,1,5,0,0,0,4,0,5,0,2,2,2,6,3,2,0,5,6,0,5,0,3
1038,54-601-005-01,0,3,2,2,5,5,1,5,2,3,3,1,3,2,1,2,5,7,0,5,1,7
1039,54-501-091-01,5,5,0,2,5,5,0,4,2,2,5,3,5,2,2,0,6,5,0,1,1,5
1040,54-601-006-02,0,2,0,3,5,5,2,5,0,3,3,3,6,5,2,0,6,0,0,6,1,4
1041,54-501-024-01,0,2,2,3,3,2,0,3,0,0,1,1,1,1,1,1,5,5,0,5,0,5
1042,54-601-007-01,1,4,1,2,5,5,1,5,3,1,5,2,5,2,2,1,6,6,0,5,1,6
1043,54-501-025-01,2,4,2,2,3,5,0,5,2,2,2,2,5,5,3,0,5,5,0,5,1,5
1044,54-501-025-02,2,5,1,1,4,3,0,3,1,2,2,2,5,2,2,1,6,6,0,6,1,1
1045,54-601-009-01,6,6,6,6,6,3,1,5,4,5,5,2,5,4,3,2,6,1,0,6,1,4
1046,54-601-010-01,0,5,1,5,5,5,1,5,2,3,5,3,6,3,3,2,4,3,0,6,0,4
1047,54-501-026-01,0,5,2,1,3,5,2,5,2,2,3,2,5,3,2,0,6,5,0,7,0,0
1048,54-601-012-01,5,2,1,3,3,3,2,3,1,3,3,2,1,2,0,1,5,6,0,6,2,3
1049,54-501-038-01,5,6,3,2,5,5,0,5,1,3,6,2,6,2,5,0,7,0,0,6,0,6
1050,54-601-014-01,5,2,2,6,6,5,0,5,1,4,5,2,7,3,2,0,6,5,0,6,0,5
1051,54-601-015-01,1,2,1,1,5,5,1,5,2,4,5,3,6,3,5,0,7,5,0,7,1,7
1052,54-501-002-01,2,3,0,2,5,5,1,5,1,3,4,2,7,2,3,0,6,0,3,6,2,6
1053,54-601-017-01,3,3,2,5,5,4,1,5,1,2,4,1,5,1,2,3,5,5,0,5,0,5
1054,54-601-018-01,6,6,2,1,6,6,0,5,0,5,5,3,6,1,2,1,6,8,0,5,3,6
1055,54-501-037-01,2,5,2,3,3,4,1,5,4,3,7,1,2,5,3,0,7,5,0,8,3,2
1056,54-501-001-02,0,0,0,3,5,2,1,5,2,2,2,2,6,2,3,1,5,7,0,6,0,2
1057,54-601-019-02,0,6,0,5,5,5,0,5,1,3,6,5,3,2,3,0,7,5,0,5,1,0
1058,54-501-001-01,2,3,3,5,5,5,3,5,3,5,5,3,6,3,3,3,5,6,0,7,0,8
1059,54-501-028-02,0,3,5,2,5,5,0,5,2,2,5,2,6,5,2,5,6,6,0,3,0,3
1060,54-601-020-02,3,3,0,3,3,5,3,5,0,5,5,1,5,1,3,3,0,5,0,5,4,5
1061,54-601-021-01,0,5,4,3,3,6,2,5,2,5,5,2,5,3,3,0,0,7,0,8,1,5
1062,54-501-029-01,5,5,3,5,6,5,3,5,3,5,5,3,5,3,2,2,7,0,0,7,1,3
1063,54-601-022-01,0,7,1,5,5,5,0,5,0,5,5,1,5,2,2,1,6,0,0,7,1,5
1064,54-601-024-01,0,3,0,5,5,8,1,5,1,1,3,1,3,1,3,2,5,6,0,5,0,7
1065,54-601-026-01,0,3,1,3,3,5,1,3,0,3,3,2,4,2,2,0,8,3,1,5,2,6
1066,54-501-030-01,0,5,3,0,3,3,1,3,3,2,3,2,3,3,3,0,5,0,0,3,1,5
1067,54-601-028-01,0,5,4,3,5,6,4,4,1,5,5,3,6,3,3,1,6,6,0,6,0,6
1068,54-501-031-01,2,2,1,2,5,5,0,4,2,3,3,1,7,3,3,1,7,1,2,5,0,7
1069,54-601-029-02,1,5,2,5,5,5,1,2,3,3,3,3,5,3,3,1,5,0,1,6,0,4
1070,54-501-032-01,1,5,3,3,5,5,2,5,0,2,3,3,6,5,3,0,6,5,0,6,0,5
1071,54-601-030-01,3,2,2,3,5,5,0,3,0,2,3,3,7,2,3,0,6,2,0,6,0,8
1072,54-501-033-01,0,3,3,3,5,5,2,3,0,2,5,2,5,2,3,2,5,0,0,5,1,5
1073,54-601-030-03,2,3,0,5,5,5,0,5,5,2,3,2,8,2,3,0,3,5,0,5,0,7
1074,54-501-035-02,3,3,3,3,5,4,1,5,1,3,5,3,3,3,4,2,0,0,0,7,1,4
1075,54-601-032-01,1,3,1,6,6,5,1,5,1,3,5,3,5,5,3,2,7,0,0,7,0,8
1076,54-501-026-02,1,5,3,3,4,5,0,4,1,2,3,2,6,2,2,2,6,4,0,7,1,2
1077,54-601-032-02,3,3,2,5,5,5,0,4,2,3,6,1,6,2,3,3,6,6,0,5,1,3
1078,54-601-031-01,3,2,3,6,6,6,3,4,2,3,5,1,7,1,3,2,0,6,0,7,1,3
1079,54-601-034-01,1,6,1,0,6,7,0,6,3,5,5,1,5,3,2,0,5,6,0,6,0,6
1080,54-601-035-01,3,2,3,3,5,5,0,5,2,3,3,1,7,3,4,2,7,5,0,8,0,5
1081,54-601-036-01,0,0,0,0,4,3,1,4,0,2,3,1,6,3,2,3,6,0,0,8,0,2
1082,54-601-038-01,0,5,2,0,3,3,0,3,1,1,3,2,6,2,2,1,6,0,0,3,0,3
1083,54-601-039-01,0,5,2,5,6,5,1,3,1,5,5,0,6,3,2,0,5,3,0,6,0,5
1084,54-601-040-01,4,3,3,3,5,4,1,4,1,3,4,2,7,2,2,3,6,5,0,4,0,4
1085,54-601-044-01,0,3,0,5,5,6,1,5,1,3,5,2,6,1,2,5,6,2,0,5,0,5
1086,54-601-045-01,0,3,3,3,5,6,1,3,1,2,5,1,6,3,2,0,6,6,0,7,0,7
1087,54-601-046-01,0,4,4,4,4,4,0,3,3,3,4,1,4,2,3,4,4,4,0,8,0,3
1088,54-601-047-01,2,5,4,5,5,5,0,5,1,5,5,1,6,3,2,6,4,5,0,0,0,2
1089,54-601-048-01,5,0,2,0,5,5,0,4,1,3,5,3,7,4,4,0,6,2,0,6,1,8
1090,54-601-048-02,0,5,0,0,5,5,0,4,2,3,4,3,6,2,3,0,0,7,0,0,0,6
1091,54-601-049-01,2,3,2,3,5,6,2,5,2,3,5,1,6,5,3,2,6,6,1,7,0,5
1092,54-601-053-01,0,4,3,5,5,4,2,3,3,2,3,3,6,3,3,3,6,0,0,6,0,5
1093,54-601-054-01,3,3,3,0,3,5,3,5,5,3,3,2,6,3,3,1,6,0,0,6,1,5
1094,54-601-057-01,3,5,0,3,4,6,2,3,0,3,3,3,6,2,2,2,5,0,0,8,1,2
1095,54-102-206-01,3,3,2,3,3,5,5,6,4,3,4,4,7,4,4,3,6,6,0,6,0,5
1096,54-102-207-01,6,5,4,3,3,6,0,3,1,1,5,1,6,2,2,5,6,0,0,8,0,6
1097,54-102-208-01,5,3,3,3,3,6,1,3,1,3,3,3,6,5,2,5,6,0,0,6,1,5
1098,54-102-209-01,1,3,3,1,3,6,0,2,0,2,3,0,5,0,0,0,1,8,0,0,0,7
1099,54-102-231-01,2,3,1,1,3,5,0,5,1,3,3,1,6,3,3,1,6,0,0,6,1,6
1100,54-102-231-02,1,3,1,2,5,5,0,5,1,2,2,1,2,1,1,1,6,0,0,6,1,6
1101,54-102-232-01,0,5,5,3,3,5,3,3,2,2,5,3,5,5,2,3,6,0,0,7,0,6
1102,54-102-233-01,0,5,0,3,3,4,4,5,2,3,3,0,6,5,5,0,6,5,0,6,0,7
1103,54-102-234-01,6,3,1,2,5,4,0,4,0,2,2,1,5,2,1,1,3,5,0,7,1,3
1104,54-102-234-02,3,5,4,0,3,3,1,5,1,3,5,3,6,3,2,1,6,0,0,7,0,3
1105,54-102-204-02,2,5,0,0,5,5,3,5,1,2,5,1,5,1,3,0,6,5,0,6,1,5
1106,54-102-351-02,2,5,5,5,5,5,2,3,3,4,4,2,5,2,2,2,8,8,0,2,1,5
1107,54-002-112-01,0,5,3,5,5,6,5,5,2,5,5,2,5,2,3,0,6,0,0,7,0,5
1108,54-002-031-01,0,1,1,0,3,6,0,5,0,1,3,1,5,1,3,0,5,0,0,7,1,3
1109,54-002-027-02,3,5,3,3,5,5,2,5,2,3,3,3,6,3,3,3,6,1,0,6,1,3
1110,54-002-110-02,0,4,3,4,5,3,1,5,2,5,5,3,4,2,3,0,6,5,0,5,0,5
1111,54-002-010-02,0,5,2,2,5,5,0,5,0,3,4,3,6,3,5,5,6,6,0,6,2,6
1112,54-002-113-01,0,6,3,3,6,4,1,5,3,5,5,3,6,3,2,3,6,5,0,6,0,5
1113,54-002-113-02,0,1,1,4,4,4,4,4,2,4,4,2,7,2,4,0,6,0,0,6,3,3
1114,54-002-114-01,0,0,0,0,2,3,0,3,1,3,3,2,0,3,2,0,5,0,0,8,0,0
1115,54-002-014-02,5,4,3,3,5,5,3,5,2,2,5,5,7,3,5,1,7,0,0,4,0,2
1116,54-002-115-01,1,5,0,3,3,5,0,2,2,4,4,1,4,3,2,0,0,0,0,6,0,5
1117,54-002-004-02,5,4,2,5,5,5,0,5,3,2,3,2,6,3,2,1,5,6,0,5,1,5
1118,54-002-115-02,5,4,1,3,5,5,1,5,3,5,5,2,6,2,3,1,5,5,0,3,3,3
1119,54-002-006-02,6,2,2,5,5,5,1,5,2,3,3,2,4,3,3,6,3,5,0,6,0,3
1120,54-002-116-01,5,0,0,1,5,2,0,5,1,3,5,2,6,1,2,1,5,0,0,6,1,1
1121,54-102-317-02,2,3,2,2,3,3,0,3,1,2,2,2,4,2,2,2,6,3,1,6,0,2
1122,54-002-117-01,5,3,1,1,3,5,0,4,0,3,3,1,3,3,3,1,6,5,0,6,0,6
1123,54-102-312-02,1,3,2,3,3,3,2,3,2,3,3,3,4,2,3,3,6,5,0,6,0,2
1124,54-002-118-01,6,2,2,2,2,3,3,3,1,3,3,2,3,2,2,0,5,5,0,6,0,6
1125,54-002-119-01,3,6,0,3,3,5,0,3,1,3,3,2,7,3,1,2,6,5,0,6,1,5
1126,54-002-120-01,1,5,3,3,5,4,3,3,1,3,3,1,5,3,3,1,6,5,0,6,1,4
1127,54-102-321-01,1,4,3,1,2,3,1,5,3,3,3,3,5,5,2,1,5,5,0,5,1,5
1128,54-002-121-01,5,5,1,3,3,5,1,5,0,5,5,2,3,3,5,5,7,5,0,8,1,4
1129,54-102-322-01,0,3,3,3,4,5,3,3,1,3,3,3,6,3,2,1,4,4,0,5,0,3
1130,54-002-122-01,3,2,2,3,5,5,2,5,2,3,4,3,6,3,3,5,6,1,0,6,0,3
1131,54-002-123-01,3,5,3,5,5,6,1,5,1,0,3,2,3,4,3,0,6,5,0,6,0,4
1132,54-102-323-01,3,2,2,3,4,3,0,4,0,5,5,2,3,4,3,0,6,7,0,6,0,4
1133,54-002-124-01,4,6,2,5,5,4,2,5,1,3,5,3,4,3,3,0,6,6,0,7,0,6
1134,54-002-125-01,3,5,3,5,5,5,0,4,1,3,4,2,3,4,5,2,5,5,0,7,1,4
1135,54-102-324-01,7,5,3,5,5,6,2,3,1,3,3,2,6,3,3,2,6,6,0,7,0,6
1136,54-002-127-01,5,6,3,5,5,5,0,3,1,3,5,3,6,1,3,0,6,6,0,7,0,7
1137,54-002-128-01,3,4,1,4,4,4,0,4,2,2,4,3,4,2,2,0,6,0,0,6,0,4
1138,54-002-129-01,3,6,5,1,4,3,0,3,1,3,6,0,5,2,3,0,4,6,3,7,2,3
1139,54-002-130-01,2,5,2,5,5,4,0,5,3,2,5,2,6,2,4,0,3,6,0,6,2,5
1140,54-002-131-01,3,3,3,3,3,5,4,5,1,5,5,2,5,5,2,0,0,0,0,8,0,5
1141,54-002-132-01,5,3,3,4,5,5,0,5,0,3,3,1,5,3,3,2,6,5,0,7,0,5
1142,54-002-133-01,5,5,3,7,7,6,1,5,2,3,4,1,6,5,2,3,6,5,0,6,1,6
1143,54-002-134-01,5,5,5,2,5,5,3,4,0,3,3,2,5,3,2,0,6,0,0,8,0,5
1144,54-002-134-02,0,3,1,3,5,5,1,6,1,4,6,3,6,3,3,3,6,0,0,6,0,6
1145,54-002-135-01,1,5,1,1,5,5,2,3,0,3,3,2,5,3,2,0,5,0,0,5,1,5
1146,54-002-136-01,5,5,5,0,2,5,0,4,4,3,3,2,5,3,3,0,6,6,0,2,0,3
1147,54-002-137-01,1,3,2,5,5,5,3,3,1,3,3,1,6,5,3,0,6,0,0,7,0,5
1148,54-002-138-01,6,3,3,3,5,5,0,5,1,3,5,3,5,3,2,2,5,6,1,7,0,3
1149,54-102-235-01,0,4,1,5,5,5,0,5,0,4,4,1,6,1,3,0,6,0,0,6,0,5
1150,54-102-228-01,1,2,3,3,3,3,0,3,0,1,3,1,6,3,2,3,0,5,0,5,0,4
1151,54-102-229-01,5,6,4,3,4,4,3,3,1,3,4,3,5,4,3,0,5,0,0,7,0,0
1152,54-102-230-01,0,5,3,5,5,5,3,5,2,1,3,2,6,5,5,3,7,0,0,7,0,6
1153,54-102-218-01,0,5,5,5,5,6,5,5,1,2,3,1,6,1,1,0,7,0,0,6,0,7
1154,54-102-350-01,2,3,2,1,4,2,0,2,0,2,2,0,6,0,3,2,6,2,0,6,0,2
1155,54-102-210-01,4,3,2,2,3,4,0,5,1,3,3,3,6,2,3,1,6,5,0,6,0,5
1156,54-102-357-01,0,3,3,2,5,8,0,5,0,4,5,3,7,5,3,0,7,1,0,5,0,5
1157,54-102-358-01,0,5,1,2,3,6,0,5,1,3,3,1,6,3,2,3,6,7,0,6,1,2
1158,54-102-205-01,4,3,3,3,5,5,2,3,0,2,3,2,6,3,2,3,6,5,0,6,0,6
1159,54-102-335-01,0,4,1,3,3,4,0,5,1,2,4,2,7,3,2,0,0,0,0,5,1,2
1160,54-102-359-01,5,5,5,5,5,3,2,4,3,5,5,3,4,3,3,1,3,2,0,6,0,2
1161,54-102-361-01,0,5,3,1,2,5,3,3,2,3,3,2,6,4,1,0,6,6,0,8,0,5
1162,54-102-362-01,0,3,6,2,2,6,1,5,0,2,3,1,5,5,1,0,6,6,0,7,0,6
1163,54-102-204-01,2,5,3,2,3,7,5,5,1,3,5,3,5,3,3,2,3,0,0,8,1,5
1164,54-102-201-01,1,3,1,3,3,3,0,5,0,2,3,3,3,3,3,1,5,5,0,6,0,1
1165,54-102-080-01,5,2,2,1,5,5,0,3,0,4,4,1,2,3,2,0,6,7,0,7,0,3
1166,54-102-079-01,3,5,3,3,4,4,0,4,1,3,3,2,5,2,0,0,6,0,0,6,0,6
1167,54-102-078-01,2,3,1,0,1,5,0,5,1,5,5,2,5,3,3,0,6,2,0,6,2,3
1168,54-103-039-01,0,5,2,4,5,5,5,3,2,1,5,3,6,3,3,3,7,0,0,8,0,5
1169,54-103-038-01,2,5,1,3,3,8,0,5,2,1,5,2,6,3,3,1,2,7,0,6,0,3
1170,54-002-024-01,6,4,3,1,5,5,0,5,0,4,5,2,6,2,2,0,5,6,0,6,1,5
1171,54-002-138-02,1,3,2,1,2,4,1,3,3,2,3,3,4,3,2,2,6,5,0,6,0,3
1172,54-002-139-01,1,5,2,4,5,6,0,3,1,4,4,2,4,4,1,3,6,5,1,6,1,6
1173,54-002-140-01,1,3,2,3,3,4,0,3,3,3,4,2,6,3,3,2,5,5,0,5,0,6
1174,54-002-141-01,4,3,3,3,4,4,0,3,1,4,4,3,5,3,3,0,6,5,0,7,1,6
1175,54-002-141-02,7,6,5,0,5,5,0,5,3,5,5,5,8,3,3,7,7,7,0,8,0,7
1176,54-002-151-01,0,3,3,0,3,4,1,4,1,2,4,2,4,3,2,0,6,5,0,6,0,3
1177,54-002-153-01,1,5,0,1,4,5,1,5,1,0,3,2,5,3,5,0,6,0,0,6,0,1
1178,54-002-154-01,0,3,3,4,4,4,3,4,2,3,3,2,5,3,2,4,6,0,0,7,0,4
1179,54-002-154-02,2,2,1,1,3,3,1,3,1,3,3,2,6,2,2,0,6,3,1,6,1,2
1180,54-002-155-01,5,3,1,2,3,4,0,3,0,5,5,2,6,3,3,0,0,0,0,6,0,5
1181,54-002-156-01,6,5,3,5,5,5,1,3,1,0,2,3,6,2,2,2,5,7,0,2,0,5
1182,54-101-098-01,2,3,3,0,3,3,0,3,0,2,3,3,3,3,3,2,0,3,0,4,1,2
1183,54-103-031-01,5,5,3,5,5,5,2,5,1,3,5,0,6,3,2,3,5,5,0,6,0,6
1184,54-103-032-01,1,2,1,2,2,3,1,5,1,2,2,1,6,2,1,1,6,0,0,7,0,5
1185,54-103-035-01,2,2,1,2,3,3,1,2,1,2,2,1,6,1,2,1,5,6,1,3,2,2
1186,54-002-023-01,0,5,5,3,5,5,1,3,1,1,2,2,3,2,2,0,7,0,0,6,1,6
1187,54-102-347-01,0,5,3,3,3,5,2,5,3,1,3,3,6,3,2,3,6,0,0,7,0,5
1188,54-101-083-01,2,3,1,4,4,2,1,2,0,3,3,1,3,5,2,1,5,6,0,6,0,5
1189,54-101-084-01,2,3,3,3,4,4,1,5,2,3,3,2,6,3,3,3,4,6,0,5,0,4
1190,54-101-085-01,1,1,1,0,5,5,0,4,2,1,2,2,5,3,3,0,6,0,0,6,0,1
1191,54-101-086-01,2,2,2,5,5,6,1,4,1,0,3,2,6,3,2,0,7,1,0,7,0,6
1192,54-101-087-01,2,3,3,1,2,5,1,5,0,5,5,2,6,3,2,3,7,0,0,4,0,7
1193,54-101-088-01,5,2,0,5,5,3,0,5,0,2,5,2,8,2,2,1,2,8,0,6,0,2
1194,54-101-090-02,1,3,2,2,4,3,1,4,2,2,3,2,4,3,3,2,7,0,1,7,1,4
1195,54-101-092-01,0,5,5,5,5,7,1,5,2,4,4,2,6,4,3,0,7,5,0,6,1,6
1196,54-101-093-01,0,5,0,5,5,5,3,4,2,3,3,2,5,5,2,1,5,0,0,6,0,5
1197,54-101-094-01,1,3,2,3,3,4,3,4,2,3,3,2,3,2,2,3,6,3,0,6,0,4
1198,54-102-180-02,1,5,3,3,3,3,1,5,3,3,3,2,6,2,2,3,1,5,0,5,2,5
1199,54-102-174-02,0,0,0,3,5,4,0,5,0,3,5,3,5,2,3,3,5,5,1,5,3,4
1200,54-102-110-01,5,5,5,5,5,6,2,5,0,3,4,3,3,3,3,0,7,5,0,7,1,5
1201,54-102-125-01,1,2,0,3,3,2,0,2,2,2,2,2,5,3,2,3,5,5,0,5,0,4
1202,54-102-127-01,1,5,3,1,5,5,0,5,3,5,5,2,5,2,2,4,5,5,0,0,0,3
1203,54-102-128-01,3,5,0,1,3,6,0,5,2,2,3,3,6,5,3,3,5,0,0,8,0,3
1204,54-102-129-01,2,5,2,5,5,5,0,5,3,3,5,2,5,3,2,0,5,5,0,5,2,5
1205,54-102-130-01,5,5,1,5,5,0,0,5,0,3,5,0,5,3,2,0,0,0,0,5,0,5
1206,54-102-131-01,0,5,1,2,2,5,1,5,1,2,3,2,3,2,3,0,5,5,0,6,0,5
1207,54-102-132-01,5,5,2,3,3,5,2,6,6,2,5,3,5,3,2,0,5,0,0,5,2,2
1208,54-102-133-01,5,5,3,3,5,4,1,4,1,3,3,3,6,3,3,1,6,1,0,3,0,4
1209,54-002-022-01,6,6,5,1,2,5,1,5,0,3,4,4,6,4,1,1,6,0,0,8,0,5
1210,54-102-346-01,2,0,0,5,5,2,0,3,0,3,3,2,5,3,5,0,6,6,0,6,3,3
1211,54-102-242-01,6,5,1,3,3,5,3,5,2,2,4,2,6,2,2,5,5,0,0,6,0,5
1212,54-102-101-01,3,3,2,1,5,4,1,3,1,2,3,2,4,2,3,0,5,3,0,0,0,5
1213,54-102-102-01,5,5,5,1,2,5,1,2,1,5,5,1,5,5,3,0,0,6,0,0,0,5
1214,54-102-103-01,1,2,0,3,5,5,0,5,1,2,2,0,8,2,1,1,8,0,0,5,0,7
1215,54-102-104-01,0,3,0,0,2,3,0,3,0,3,3,3,6,3,2,0,3,0,0,7,0,0
1216,54-102-105-01,2,4,1,4,4,4,3,4,3,1,3,3,3,1,3,0,0,6,0,5,0,2
1217,54-102-106-01,0,4,2,3,4,5,1,5,0,2,3,3,6,4,3,0,7,3,0,6,0,4
1218,54-102-117-01,0,1,1,1,5,2,0,5,0,3,3,1,7,3,2,0,0,0,0,7,0,5
1219,54-102-118-01,3,5,3,3,5,5,1,5,1,5,5,1,5,3,2,5,5,5,3,4,0,4
1220,54-102-119-01,3,3,2,4,4,5,1,5,1,3,3,3,3,2,3,1,6,1,0,8,1,7
1221,54-102-120-01,5,3,3,2,2,6,2,3,1,2,2,2,5,2,2,1,6,5,0,5,1,5
1222,54-103-036-01,1,4,2,4,4,4,0,4,2,2,2,2,3,3,3,0,7,5,0,7,0,4
1223,54-103-037-01,5,1,1,3,3,6,0,3,0,2,3,2,7,2,3,1,6,5,0,8,0,6
1224,54-103-040-01,0,3,5,1,3,3,0,3,3,2,3,3,2,2,2,2,5,1,0,6,0,3
1225,54-103-043-01,3,2,0,4,4,4,0,3,1,2,4,1,6,4,2,2,6,0,0,7,0,3
1226,54-102-302-01,5,5,5,5,6,5,3,3,0,4,4,3,6,2,2,0,6,5,0,6,0,6
1227,54-103-050-01,2,5,3,4,4,5,3,5,2,3,3,3,4,3,3,3,6,6,0,7,1,5
1228,54-103-049-01,0,5,0,4,4,2,0,5,0,3,5,3,5,3,2,2,5,5,0,7,0,5
1229,54-103-048-02,5,4,5,5,5,5,2,5,0,3,3,2,3,2,1,2,5,0,0,5,1,5
1230,54-102-301-01,2,2,1,3,3,5,1,5,1,3,3,1,6,1,1,0,3,5,0,7,1,1
1231,54-103-047-01,3,5,5,5,5,6,0,5,0,3,5,3,8,3,2,0,8,6,0,0,2,6
1232,54-103-046-02,0,3,2,4,4,5,1,3,1,5,5,2,3,2,2,0,3,0,0,6,2,0
1233,54-103-045-01,5,5,3,5,6,5,2,5,0,2,5,1,5,3,5,0,6,0,0,6,0,6
1234,54-102-135-02,0,3,2,0,3,5,1,2,2,3,5,3,5,2,2,5,5,5,0,5,1,5
1235,54-102-146-02,2,5,2,3,5,5,0,5,2,4,4,4,2,5,2,0,5,5,0,7,1,5
1236,54-102-147-02,3,3,1,3,3,3,0,3,1,3,3,4,3,2,3,3,6,3,0,8,4,1
1237,54-102-120-02,7,6,2,2,6,6,0,6,1,1,2,3,5,5,2,0,6,2,0,1,1,5
1238,54-102-121-02,5,3,6,6,6,5,2,5,2,3,3,3,8,3,3,0,7,0,0,6,0,8
1239,54-102-122-02,3,6,2,3,5,6,0,5,2,4,5,4,7,3,3,3,6,6,0,7,1,6
1240,54-102-124-02,0,2,2,3,4,5,2,5,5,3,5,2,5,3,2,2,6,0,0,6,0,5
1241,54-102-124-03,1,2,1,2,2,5,2,4,2,1,4,2,8,2,2,0,6,0,0,5,0,2
1242,54-102-128-02,0,6,5,0,5,5,5,5,5,3,5,3,5,5,5,5,6,6,0,7,1,1
1243,54-102-110-02,0,2,2,3,4,2,1,4,1,2,2,2,6,3,2,3,5,6,1,6,2,3
1244,54-102-238-02,2,3,3,2,4,6,1,4,1,3,3,2,6,2,3,3,7,0,1,6,3,5
1245,54-102-239-02,5,6,1,2,5,3,0,2,0,3,3,1,5,2,2,0,5,5,0,6,0,6
1246,54-102-254-01,5,5,5,2,5,5,3,5,1,2,4,2,6,3,3,2,6,3,3,7,1,6
1247,54-102-253-01,0,3,1,5,5,3,0,3,1,2,5,3,7,2,3,0,0,8,0,7,1,5
1248,54-102-252-01,2,3,3,3,3,5,2,3,0,2,2,3,6,2,2,1,6,5,0,7,0,5
1249,54-102-260-01,1,3,1,3,5,5,0,3,1,3,3,2,6,1,1,0,2,7,0,5,0,5
1250,54-102-250-01,2,3,3,2,5,5,0,5,1,2,2,2,6,2,2,0,0,5,0,0,0,2
1251,54-102-249-01,4,1,2,0,2,4,1,4,1,2,3,2,6,1,3,1,6,5,0,7,0,4
1252,54-102-248-01,2,5,2,5,5,5,5,5,1,5,5,3,6,4,3,5,0,5,0,7,0,3
1253,54-102-247-01,5,5,5,5,5,5,2,3,1,3,4,3,6,3,3,3,6,5,0,5,0,7
1254,54-102-246-01,5,3,3,4,5,4,2,5,0,3,5,4,5,5,5,6,6,3,0,6,0,6
1255,54-102-245-01,0,1,3,0,3,7,0,3,2,3,3,1,3,2,0,0,5,3,0,8,0,3
1256,54-102-244-02,5,5,5,3,3,5,0,4,1,4,4,4,7,3,2,1,5,5,0,7,0,5
1257,54-102-244-01,5,5,5,3,3,5,1,5,1,3,3,1,5,3,3,1,6,5,0,1,0,5
1258,54-102-290-01,0,3,3,5,5,6,1,3,2,1,3,3,5,2,2,0,7,0,0,7,0,6
1259,54-102-289-01,2,5,3,5,5,5,1,5,2,3,5,3,6,3,2,2,6,0,0,6,0,5
1260,54-102-268-01,5,4,5,0,3,3,1,4,1,3,3,2,7,3,2,0,7,6,0,7,0,4
1261,54-102-267-01,0,5,2,3,3,5,0,5,1,2,3,1,6,5,2,0,6,2,0,7,0,2
1262,54-102-266-01,3,3,3,4,4,4,2,4,3,3,3,3,6,3,3,2,6,3,0,6,0,3
1263,54-102-265-01,4,6,3,4,4,6,1,4,1,3,3,2,6,3,1,0,6,5,0,7,1,6
1264,54-102-264-01,5,3,2,1,3,3,0,3,1,3,3,3,8,2,2,3,6,5,0,7,0,2
1265,54-102-263-01,3,4,2,4,4,4,3,3,1,3,3,2,6,2,3,3,6,3,0,7,0,3
1266,54-102-262-03,0,5,5,7,7,7,0,3,1,2,3,2,2,3,2,0,7,5,0,7,1,5
1267,54-102-262-02,5,3,3,3,5,5,2,5,0,2,3,3,6,3,3,0,6,0,0,7,0,6
1268,54-102-262-01,6,5,3,5,5,5,0,5,2,3,4,3,6,3,4,3,7,7,0,7,1,8
1269,54-102-261-01,1,3,3,3,3,5,3,3,1,3,3,2,6,2,3,0,6,3,0,8,0,5
1270,54-102-316-01,1,3,1,5,5,3,0,3,0,4,4,1,6,2,2,2,6,5,0,6,0,6
1271,54-103-103-01,5,1,1,1,3,3,0,3,1,1,3,1,5,3,2,0,6,6,0,3,0,1
1272,54-103-104-01,5,4,5,5,5,5,3,4,2,3,3,4,4,3,3,3,7,5,0,5,0,2
1273,54-103-105-01,1,3,1,1,2,2,1,3,0,3,3,2,5,2,2,1,7,0,0,2,1,2
1274,54-103-105-02,3,3,2,5,5,3,0,3,2,3,3,2,4,3,3,1,6,0,0,0,0,3
1275,54-103-106-01,2,3,3,2,3,5,3,5,2,3,3,3,5,5,3,0,5,0,0,6,0,5
1276,54-102-019-02,2,3,3,2,3,8,3,4,2,4,4,2,6,4,3,0,7,0,0,7,2,5
1277,54-102-094-02,0,0,0,3,3,5,0,3,1,2,3,2,3,2,2,2,8,0,0,7,1,0
1278,54-102-294-01,0,5,1,3,5,2,1,5,1,3,5,2,6,2,2,3,5,0,0,6,2,3
1279,54-102-294-02,0,6,0,2,5,6,0,5,4,3,4,3,6,4,3,1,6,2,0,6,2,2
1280,54-102-295-01,5,3,3,3,5,3,0,3,1,3,3,1,3,3,2,3,6,6,0,0,1,6
1281,54-102-296-01,0,3,0,1,2,3,3,3,1,2,2,2,5,4,3,0,7,5,0,7,0,4
1282,54-102-280-02,5,4,1,3,3,4,0,3,2,3,3,3,5,2,3,3,6,0,2,7,3,4
1283,54-102-280-01,5,4,3,3,3,5,0,5,2,3,5,2,5,3,2,2,5,5,2,6,0,5
1284,54-102-279-01,0,5,5,3,3,5,3,5,1,3,3,3,6,5,3,3,6,5,0,8,0,5
1285,54-102-278-01,5,5,3,5,5,5,3,3,1,3,3,3,6,2,2,3,5,5,0,7,0,7
1286,54-102-277-01,2,5,1,3,3,5,2,4,2,3,5,3,3,2,2,0,5,6,0,6,3,5
1287,54-102-107-01,2,3,3,3,3,3,0,4,1,2,3,1,5,2,2,4,6,0,0,6,0,4
1288,54-102-108-01,1,3,3,2,5,3,5,5,1,2,3,1,6,3,2,0,6,1,0,8,1,7
1289,54-102-109-01,6,2,1,1,5,5,1,5,1,3,3,1,6,1,2,1,7,6,0,0,0,1
1290,54-102-298-01,3,1,0,2,3,4,1,4,0,2,5,2,3,2,3,1,6,6,0,6,0,3
1291,54-102-298-02,0,0,0,0,5,6,0,4,0,2,3,2,6,2,3,0,6,6,0,6,0,7
1292,54-102-299-01,5,6,2,6,6,4,1,4,0,3,3,3,6,3,2,0,6,5,0,5,0,6
1293,54-102-300-01,0,5,3,5,5,5,5,5,3,2,3,3,5,5,5,1,7,0,0,8,0,5
1294,54-102-281-01,0,5,3,5,5,6,2,5,1,3,3,1,5,2,2,4,6,6,0,7,1,6
1295,54-102-282-01,4,4,4,3,3,6,1,3,1,2,3,1,5,2,3,0,6,5,0,7,1,6
1296,54-102-291-01,0,1,1,1,1,1,0,1,1,0,1,0,2,1,1,1,1,1,0,6,0,2
1297,54-102-292-01,2,3,2,1,5,4,1,5,1,3,3,3,6,3,3,3,0,1,0,6,0,3
1298,54-102-293-01,0,4,1,5,5,4,1,2,0,2,2,1,5,1,1,3,2,5,0,2,0,5
1299,54-103-063-01,2,1,1,2,5,4,1,5,1,2,2,2,5,5,4,0,5,5,0,5,1,3
1300,54-103-064-01,3,3,2,2,3,5,1,5,1,2,2,1,6,2,2,0,2,5,0,3,0,3
1301,54-103-065-01,3,5,5,3,5,5,0,4,0,3,3,3,7,3,2,0,6,6,0,7,0,2
1302,54-103-065-02,5,1,4,3,4,6,0,3,1,3,6,2,6,4,1,0,6,5,0,7,0,2
1303,54-103-066-01,2,3,2,2,3,5,2,5,3,2,3,3,6,3,3,2,6,3,0,6,0,4
1304,54-103-067-01,4,4,2,4,4,4,0,2,0,3,3,1,6,3,2,0,5,6,0,7,0,2
1305,54-103-069-01,2,5,2,5,5,3,1,2,1,3,3,2,6,2,1,2,6,0,0,5,0,6
1306,54-103-070-01,5,4,2,5,5,4,2,3,2,3,3,2,6,3,2,2,5,5,0,8,1,6
1307,54-102-317-01,0,0,1,5,5,2,1,5,3,2,5,3,4,2,3,2,7,5,1,6,0,5
1308,54-103-071-01,3,3,2,1,1,5,0,4,1,2,3,2,6,2,1,4,6,0,0,6,1,6
1309,54-103-073-01,5,5,2,3,5,5,0,5,1,2,3,3,7,4,2,4,6,5,0,6,0,5
1310,54-103-073-02,3,3,2,3,3,4,3,4,0,2,3,2,6,4,3,2,6,3,0,7,0,4
1311,54-103-074-01,0,6,2,5,5,4,0,2,1,0,2,3,3,2,2,0,0,5,0,2,0,3
1312,54-103-076-01,3,0,2,3,4,4,3,3,0,3,3,2,5,2,2,2,0,0,0,7,0,4
1313,54-103-077-01,5,4,5,3,3,5,3,3,2,1,3,4,5,3,2,0,3,0,0,8,0,5
1314,54-103-079-01,5,5,3,3,3,5,3,3,2,3,5,3,6,5,3,0,6,0,0,8,0,5
1315,54-103-080-01,0,3,2,3,3,5,2,3,2,3,4,1,4,5,3,2,0,0,0,7,0,5
1316,54-103-081-01,3,2,2,2,3,4,0,3,1,3,3,2,6,2,2,3,4,6,0,2,1,2
1317,54-103-082-01,3,5,3,3,3,5,3,4,1,1,3,3,5,5,2,0,6,5,0,6,0,6
1318,54-103-083-01,3,5,1,5,5,5,0,5,1,3,3,2,6,2,1,0,5,0,0,6,0,5
1319,54-103-084-01,5,5,3,5,5,5,2,3,1,3,3,2,5,2,1,0,0,6,0,6,1,5
1320,54-102-315-01,6,5,3,6,6,6,2,3,2,2,5,2,6,3,3,2,7,6,0,6,0,6
1321,54-103-085-01,3,3,2,2,4,3,1,3,1,3,3,1,6,2,2,3,3,5,2,1,0,3
1322,54-103-085-02,2,0,0,2,3,5,0,3,0,3,3,0,5,3,3,0,6,5,0,5,1,7
1323,54-103-087-01,0,5,3,5,5,8,5,5,1,5,5,2,6,2,3,0,7,3,0,8,1,1
1324,54-102-314-01,5,5,1,5,5,5,4,5,2,3,3,3,6,2,3,2,8,5,0,5,0,5
1325,54-103-061-01,0,6,2,3,3,5,0,5,1,3,3,2,6,3,3,3,6,7,1,6,2,2
1326,54-103-060-01,3,3,1,3,3,4,1,3,0,3,3,3,4,2,2,0,6,5,0,7,3,5
1327,54-103-059-01,0,6,5,0,4,6,2,4,0,3,3,0,6,3,3,6,0,6,0,7,0,7
1328,54-103-093-01,2,2,2,1,2,2,2,2,1,2,3,2,5,2,2,2,5,5,0,5,1,3
1329,54-103-094-01,5,5,5,3,3,6,3,5,2,1,2,1,5,3,2,0,3,0,0,8,0,6
1330,54-103-094-02,1,2,2,0,2,4,0,3,1,3,4,2,5,2,1,0,6,6,0,5,3,3
1331,54-103-095-01,2,3,1,3,3,5,1,6,2,4,4,1,4,3,3,6,5,5,0,6,2,5
1332,54-103-096-01,0,6,3,5,5,6,2,4,2,3,3,3,4,5,3,0,6,6,5,6,1,6
1333,54-103-096-02,1,5,2,3,3,5,1,5,2,3,3,1,4,3,2,3,6,5,1,7,1,5
1334,54-103-097-01,0,3,3,3,4,4,0,2,1,2,2,2,6,2,1,1,7,5,0,7,0,2
1335,54-103-098-01,6,5,3,3,5,5,1,5,2,2,3,2,5,6,3,1,6,2,0,6,1,2
1336,54-103-099-01,3,5,3,2,3,8,3,5,0,3,3,3,6,2,3,0,6,5,0,7,0,3
1337,54-103-101-01,6,5,6,4,4,5,0,5,3,4,4,4,6,3,3,0,8,3,0,7,0,2
1338,54-103-102-01,0,7,3,1,3,5,0,5,1,5,5,3,2,0,5,0,7,6,0,7,1,2
1339,54-103-102-02,1,5,0,0,3,4,0,4,2,5,5,2,3,1,2,0,1,6,0,5,3,2
1340,54-102-300-02,2,3,3,2,3,3,0,2,2,2,2,2,2,3,2,1,6,2,0,7,0,3
1341,54-102-300-03,0,1,1,3,3,5,2,2,1,2,2,2,3,3,3,3,3,6,0,8,1,1
1342,54-102-269-01,0,3,2,3,3,4,1,5,1,1,3,2,6,3,1,2,5,0,0,6,0,7
1343,54-103-088-01,5,5,4,3,3,4,0,4,1,3,3,3,5,3,3,6,6,7,0,8,1,5
1344,54-103-089-01,6,6,3,3,3,6,2,3,1,3,3,2,6,3,1,0,6,6,0,6,1,6
1345,54-103-090-01,0,3,1,1,2,4,0,3,0,0,1,2,5,2,2,0,7,6,1,7,2,2
1346,54-103-091-01,4,3,3,3,3,5,3,4,2,4,4,2,4,3,3,2,6,0,0,7,0,2
1347,54-103-108-01,3,5,3,3,5,3,0,4,2,3,5,2,5,2,2,2,0,5,0,5,1,2
1348,54-103-109-01,2,5,2,3,5,5,1,3,1,1,3,1,6,1,3,3,6,5,0,7,1,6
1349,54-103-110-01,5,4,4,6,6,5,3,6,0,3,3,3,2,4,2,3,6,0,0,6,1,3
1350,54-103-112-01,5,5,3,5,5,5,0,5,2,2,3,1,6,4,3,1,3,6,0,6,0,2
1351,54-103-113-01,3,5,3,3,5,5,3,3,1,3,3,3,6,5,2,0,6,5,0,7,0,5
1352,54-103-114-01,2,5,0,5,5,5,3,5,2,3,4,3,6,5,3,0,7,6,0,6,0,4
1353,54-103-121-01,0,5,3,5,5,5,1,3,2,2,2,1,3,2,3,0,6,5,0,0,1,5
1354,54-103-120-01,3,3,2,1,3,3,2,4,2,3,3,3,7,3,3,0,5,5,2,7,0,6
1355,54-103-119-02,0,3,1,1,3,5,0,3,0,1,1,3,2,5,2,2,3,8,0,6,2,3
1356,54-103-116-01,0,3,0,2,3,5,1,4,2,4,4,2,6,2,3,1,6,5,0,5,0,2
1357,54-103-117-01,0,5,2,6,6,4,2,3,1,3,3,1,6,1,1,3,6,6,2,5,1,6
1358,54-103-118-01,1,5,2,5,5,6,3,3,1,3,3,2,5,2,2,2,5,2,2,7,1,5
1359,54-103-118-02,1,4,2,5,5,5,1,5,1,2,4,3,5,3,3,2,5,3,0,4,1,1
1360,54-102-313-01,5,5,2,3,5,6,3,4,1,3,4,2,7,2,3,1,7,5,0,6,0,6
1361,54-102-270-01,3,5,3,6,6,5,1,4,1,1,5,2,7,2,1,0,5,3,0,7,1,6
1362,54-102-271-01,3,3,3,3,3,3,4,3,1,4,4,2,6,2,2,4,7,4,0,8,2,4
1363,54-102-272-01,0,3,3,5,5,5,1,5,2,4,4,2,7,3,3,2,5,6,0,6,0,4
1364,54-102-273-01,1,2,2,3,5,5,1,4,2,3,3,3,6,3,3,2,6,0,0,7,0,3
1365,54-102-274-01,3,1,1,4,4,5,2,2,1,3,4,2,7,3,2,0,6,5,0,6,1,4
1366,54-102-287-01,2,6,1,3,3,6,0,3,1,2,5,1,6,2,2,3,6,0,0,7,3,6
1367,54-102-286-01,2,5,3,3,3,5,1,5,1,3,3,2,3,2,2,3,6,0,0,8,1,4
1368,54-102-285-01,4,5,3,5,5,4,2,5,2,3,3,2,4,3,2,2,6,0,0,5,0,4
1369,54-102-284-01,3,3,1,1,3,5,1,3,2,3,3,1,6,2,3,1,6,6,0,6,1,6
1370,54-102-283-02,1,2,1,3,3,5,0,3,1,1,3,3,7,3,3,1,6,5,0,6,0,5
1371,54-102-283-01,0,3,3,3,3,3,1,3,1,2,2,2,6,2,2,2,7,2,0,7,1,3
1372,54-102-275-01,0,5,3,6,6,6,1,4,1,3,3,3,6,3,3,0,5,6,0,5,0,6
1373,54-102-276-01,1,3,1,5,5,3,0,3,1,3,3,0,5,3,2,0,5,7,0,6,1,6
1374,54-102-259-01,5,5,3,3,6,6,1,4,1,6,6,2,8,3,1,6,7,5,0,5,1,6
1375,54-102-259-02,6,4,3,6,6,6,1,3,1,3,4,3,6,3,2,1,6,6,0,7,1,6
1376,54-101-024-02,2,1,1,2,5,4,2,6,5,2,4,2,5,3,5,0,5,0,0,0,2,5
1377,54-101-005-02,1,5,2,2,2,5,2,3,3,3,3,2,5,3,2,1,6,0,0,6,0,2
1378,54-101-008-02,2,4,3,2,5,5,1,5,5,5,5,2,5,2,5,0,6,2,1,6,2,5
1379,54-101-079-02,0,5,3,3,5,3,0,4,0,4,4,3,4,4,3,0,4,1,1,0,0,0
1380,54-101-094-02,5,3,2,5,5,5,1,5,1,3,5,2,7,3,2,3,8,6,0,5,0,3
1381,54-101-081-02,5,5,4,4,4,6,0,2,1,7,7,1,3,3,0,0,0,8,0,6,1,7
1382,54-101-012-02,5,2,1,3,3,2,0,2,0,3,3,2,5,2,2,3,5,5,0,5,2,5
1383,54-101-089-02,1,2,0,3,3,5,0,3,1,2,2,1,5,1,1,1,3,5,1,2,1,3
1384,54-101-063-02,6,6,3,4,4,5,0,3,1,6,6,3,6,1,3,0,5,0,0,6,1,8
1385,54-101-071-02,1,2,2,3,3,4,2,5,0,0,3,2,3,2,2,0,6,0,0,0,2,5
1386,54-701-002-02,3,5,2,5,5,5,5,5,2,1,3,3,6,5,3,4,6,3,0,5,0,5
1387,54-602-062-02,3,2,1,2,3,6,1,3,1,5,5,1,5,2,1,1,6,0,0,6,1,3
1388,54-602-059-02,4,3,0,2,2,4,0,3,1,2,3,1,5,1,2,2,4,4,0,4,0,4
1389,54-602-047-02,3,3,2,3,3,4,0,3,1,2,3,1,7,2,2,3,6,0,0,3,0,4
1390,54-602-056-02,1,6,1,0,5,5,1,4,0,3,3,2,6,4,5,1,5,0,0,6,0,3
1391,54-101-058-01,6,5,2,3,3,3,0,5,0,4,5,2,6,3,3,0,5,0,0,5,0,6
1392,54-101-095-01,3,4,2,3,5,5,1,5,0,5,5,2,6,3,2,1,6,1,0,6,0,5
1393,54-101-096-01,0,5,5,5,5,3,1,3,2,3,3,2,6,2,2,1,6,6,0,0,0,2
1394,54-101-096-02,0,5,5,3,3,3,3,3,1,3,5,3,6,2,2,0,7,6,0,5,1,3
1395,54-101-097-01,3,5,2,5,5,6,1,3,1,1,3,1,6,2,3,1,6,3,0,6,0,5
1396,54-101-097-02,3,5,3,5,5,7,2,3,2,5,5,1,5,1,3,2,5,5,0,7,0,5
1397,54-101-099-01,3,3,2,2,3,4,0,2,1,3,3,1,6,1,2,3,3,6,2,5,2,3
1398,54-101-100-01,6,3,2,2,2,5,1,5,2,2,2,2,3,3,3,0,7,7,0,5,0,6
1399,54-101-101-01,4,5,3,3,3,5,0,5,1,3,4,1,6,3,3,0,6,0,0,6,0,1
1400,54-101-102-01,0,5,5,5,5,5,1,5,2,3,3,3,6,2,4,0,6,6,0,5,1,5
1401,54-101-103-01,4,2,6,6,6,5,0,5,2,3,5,2,5,2,4,2,6,5,0,5,1,4
1402,54-002-050-01,5,3,3,5,5,5,3,5,4,1,4,3,5,3,3,0,4,5,0,4,1,4
1403,54-102-312-01,4,4,3,4,4,4,3,4,2,3,4,1,6,4,2,0,6,5,0,7,0,4
1404,54-102-311-01,0,6,2,5,5,5,2,5,2,3,3,2,6,2,3,5,7,0,0,5,0,2
1405,54-002-052-01,2,2,2,2,3,6,2,5,1,3,3,2,3,2,2,1,6,5,0,7,1,8
1406,54-002-053-01,6,1,1,1,3,1,0,5,0,1,3,0,6,1,1,1,6,6,0,6,0,6
1407,54-002-055-02,3,1,1,5,5,4,0,4,1,1,2,3,3,1,1,0,7,3,0,6,1,3
1408,54-102-310-01,0,5,4,6,6,5,0,5,1,5,6,1,7,2,4,0,0,7,0,7,0,5
1409,54-702-002-02,0,4,3,5,5,5,0,5,0,3,3,3,5,3,3,0,5,5,0,5,0,5
1410,54-702-011-02,0,3,2,3,5,5,2,5,1,3,3,3,6,2,3,3,0,6,0,5,3,6
1411,54-702-015-01,2,4,2,1,5,5,2,5,2,3,5,2,5,3,3,0,7,5,0,5,0,2
1412,54-702-006-01,0,0,0,0,5,5,0,5,2,1,1,0,6,2,3,0,6,2,0,7,0,4
1413,54-501-004-02,3,6,3,5,5,5,2,6,2,2,3,1,6,3,2,3,6,6,2,7,2,3
1414,54-501-017-01,0,0,0,0,5,5,0,5,2,2,4,2,5,3,3,0,8,0,0,6,0,6
1415,54-501-048-02,2,5,2,3,5,5,0,5,1,3,5,3,6,3,3,2,5,3,0,7,1,3
1416,54-501-046-01,0,3,3,0,3,3,3,3,0,2,3,2,4,2,2,2,6,2,0,6,0,2
1417,54-501-096-01,0,2,0,0,3,3,0,4,1,3,3,3,7,3,3,0,4,5,0,7,0,0
1418,54-501-019-02,0,0,0,1,5,3,0,5,0,3,6,0,5,2,5,0,5,0,0,5,0,5
1419,54-501-010-01,0,4,3,0,6,5,1,3,0,2,3,4,6,3,3,0,6,6,0,6,0,4
1420,54-501-014-01,0,3,1,5,5,6,1,5,0,2,4,3,5,3,3,3,5,5,0,5,1,5
1421,54-102-309-01,1,2,1,1,3,3,0,3,1,1,2,2,3,2,2,6,3,5,0,7,0,2
1422,54-501-007-02,3,6,2,3,5,5,1,5,2,3,3,2,6,2,2,3,6,0,0,7,1,4
1423,54-501-015-01,5,5,1,5,5,5,2,5,2,3,5,1,5,3,2,0,0,6,0,5,2,5
1424,54-501-008-01,5,5,1,5,5,6,1,4,2,6,6,2,4,3,3,3,6,0,2,7,1,6
1425,54-501-012-01,3,3,3,3,5,8,0,5,0,3,3,3,5,3,3,0,6,0,0,6,1,5
1426,54-702-006-02,6,4,1,3,6,5,1,5,1,5,5,1,7,2,2,1,6,0,2,7,0,6
1427,54-702-009-01,1,0,1,1,3,1,0,3,1,1,2,1,6,2,2,0,8,0,0,0,1,8
1428,54-702-014-01,2,5,1,1,5,3,0,3,0,3,3,1,6,2,3,2,6,5,0,2,0,5
1429,54-702-003-02,2,3,2,2,2,6,1,3,2,2,2,2,6,5,5,1,6,6,1,6,0,2
1430,54-702-002-01,1,5,2,5,5,5,0,5,1,5,5,2,6,4,3,3,6,0,0,7,0,5
1431,54-702-003-01,5,5,3,3,5,5,5,5,3,3,4,3,5,5,3,3,3,3,0,5,1,5
1432,54-103-058-01,2,3,2,2,2,4,2,3,1,3,3,1,5,3,3,0,6,5,0,6,1,5
1433,54-702-005-01,0,7,6,2,5,6,1,5,1,2,2,1,5,2,5,2,6,1,0,8,1,7
1434,54-501-056-02,3,3,3,5,5,5,0,5,1,0,2,1,2,1,2,1,6,5,0,5,1,2
1435,54-501-055-02,0,0,0,2,5,3,0,3,1,2,2,2,3,1,2,1,4,1,0,3,1,3
1436,54-103-058-02,3,3,3,3,4,4,2,4,1,2,4,1,6,3,2,2,7,6,0,7,0,5
1437,54-501-044-02,1,3,0,1,3,3,0,3,1,5,5,1,6,3,1,1,6,1,1,5,1,7
1438,54-501-070-01,0,5,5,3,3,3,1,3,2,3,3,3,7,2,3,5,7,5,0,6,0,3
1439,54-501-070-02,0,5,3,0,5,5,0,5,2,5,5,2,5,5,2,0,5,0,0,5,1,5
1440,54-501-074-01,0,3,3,3,5,5,1,5,5,2,3,2,5,3,2,1,6,0,0,6,0,6
1441,54-501-054-01,5,6,2,0,6,5,1,5,1,1,3,2,6,4,3,0,0,5,0,6,0,2
1442,54-501-086-01,8,3,1,1,3,6,0,5,1,6,6,1,6,2,5,2,7,0,0,7,0,8
1443,54-501-054-02,3,5,2,3,4,6,1,5,1,6,6,1,7,3,1,0,6,0,0,8,0,1
1444,54-501-057-02,3,1,3,1,2,2,2,4,1,2,3,1,5,2,3,3,6,6,1,6,0,3
1445,54-501-063-01,1,3,3,0,3,3,1,4,1,1,3,2,6,1,2,1,0,0,0,5,0,3
1446,54-501-062-02,1,5,3,2,3,5,1,5,1,2,5,2,6,5,2,0,6,0,0,6,2,6
1447,54-501-060-01,5,5,2,5,5,5,3,6,3,5,5,3,5,3,3,2,5,0,0,5,1,5
1448,54-501-084-02,5,3,3,0,5,5,1,5,2,4,4,2,5,3,3,5,7,0,0,8,0,8
1449,54-501-093-01,1,2,1,0,2,4,0,5,2,5,5,1,6,2,2,2,7,3,0,0,1,1
1450,54-501-071-01,0,5,2,3,3,3,2,3,1,3,3,2,5,2,3,0,6,5,0,6,1,6
1451,54-501-087-01,0,5,5,1,5,5,1,5,2,3,4,2,7,3,2,0,6,0,0,6,0,6
1452,54-501-015-02,0,1,2,5,5,5,3,5,3,5,5,5,5,3,2,0,5,5,0,5,3,3
1453,54-702-019-01,0,5,2,5,5,5,0,5,1,3,5,2,5,5,3,4,0,5,0,5,0,2
1454,54-702-019-02,0,3,0,0,5,1,0,2,0,6,6,2,6,3,3,0,6,0,0,6,0,5
1455,54-503-001-02,5,2,1,0,6,6,0,5,0,3,4,2,6,1,1,5,5,5,0,1,1,3
1456,54-503-002-01,3,2,3,5,5,3,0,5,1,3,4,3,5,3,3,0,5,0,0,6,0,5
1457,54-503-003-02,1,5,2,3,6,5,1,4,2,2,3,3,6,4,3,3,6,5,3,6,4,6
1458,54-503-010-01,2,3,1,5,5,3,0,3,2,3,3,3,6,1,3,3,6,7,1,7,2,3
1459,54-503-012-02,0,7,5,0,6,2,1,6,0,5,5,1,7,2,5,2,7,0,0,7,1,2
1460,54-503-016-01,2,5,1,2,6,7,0,3,0,5,5,2,6,0,3,3,7,0,0,8,0,8
1461,54-103-057-01,1,5,0,0,5,4,0,4,0,3,4,1,6,2,3,1,6,6,0,6,1,6
1462,54-103-057-02,6,6,3,3,5,5,6,5,3,2,5,3,6,2,5,0,6,5,0,0,0,6
1463,54-102-255-01,4,3,3,4,4,4,1,3,0,2,4,2,5,2,2,2,6,2,0,7,0,3
1464,54-103-056-01,2,5,3,5,5,5,1,5,0,3,3,1,5,2,2,3,5,5,2,6,1,5
1465,54-103-054-01,2,5,3,5,5,6,0,5,1,2,3,3,5,2,3,5,6,5,0,8,2,5
1466,54-102-257-01,5,5,1,0,2,2,0,2,1,2,3,1,7,3,1,0,5,2,0,6,0,6
1467,54-103-054-02,4,3,3,3,3,5,0,2,1,5,6,1,5,2,2,3,6,7,0,7,3,1
1468,54-102-256-01,6,7,3,3,4,6,2,5,1,4,5,3,6,2,3,0,7,0,0,6,0,7
1469,54-702-016-01,6,6,6,0,5,5,1,5,2,3,3,3,6,3,3,0,5,8,0,5,3,5
1470,54-702-016-02,1,4,1,3,6,4,0,5,1,2,3,3,6,1,3,1,4,6,1,6,2,2
1471,54-702-017-01,0,3,3,1,5,6,1,5,3,1,3,2,3,5,3,0,6,0,0,0,0,6
1472,54-702-018-02,1,2,1,3,5,5,2,3,1,5,5,3,5,5,2,3,5,5,0,5,3,4
1473,54-502-005-01,3,5,2,5,5,5,2,5,1,2,5,2,6,5,5,0,5,0,0,5,0,5
1474,54-103-053-01,6,4,3,5,5,4,0,3,0,3,3,2,6,3,3,0,6,5,0,7,0,4
1475,54-502-009-02,0,3,0,2,5,5,0,5,1,3,4,2,3,2,3,3,6,0,0,7,3,3
1476,54-502-010-01,0,5,5,5,5,6,2,3,2,5,5,3,8,3,3,3,6,0,0,7,0,6
1477,54-503-014-01,1,5,0,3,3,5,0,5,0,2,5,1,7,2,3,0,6,0,0,8,0,6
1478,54-503-019-01,6,5,2,0,4,5,3,3,0,3,3,2,5,5,2,3,7,0,0,6,1,3
1479,54-503-022-01,5,5,3,3,3,5,3,3,2,5,5,2,5,3,2,2,5,0,0,7,0,5
1480,54-103-052-01,5,5,3,3,3,6,2,3,1,3,3,2,5,2,2,3,6,5,0,6,1,5
1481,54-502-002-01,0,5,2,5,5,6,5,6,2,6,6,1,6,3,2,5,6,6,0,6,1,2
1482,54-503-015-01,3,4,3,1,1,3,2,2,0,3,3,3,3,3,3,0,3,3,0,4,0,2
1483,54-503-022-02,1,3,1,2,3,4,1,3,1,4,4,1,6,2,2,2,6,0,0,6,1,6
1484,54-502-006-01,2,5,3,4,6,4,2,4,1,4,4,2,5,3,3,1,5,3,0,6,1,5
1485,54-502-003-01,0,2,0,1,5,5,0,5,2,3,5,2,6,0,5,0,5,2,0,5,3,3
1486,54-502-003-02,3,4,2,3,4,4,1,4,3,4,4,2,4,3,4,1,0,4,0,7,0,4
1487,54-502-005-02,4,5,3,0,3,3,1,4,0,4,6,3,8,1,2,0,7,0,0,6,3,6
1488,54-102-243-01,2,0,1,3,3,6,5,4,0,2,3,3,6,5,3,0,6,0,0,7,0,5
1489,54-501-043-01,0,5,3,3,4,6,0,5,1,3,3,2,5,4,3,0,5,5,0,6,0,6
1490,54-002-164-01,4,4,4,0,3,4,1,4,3,4,4,1,4,3,3,0,4,4,0,7,0,4
1491,54-502-007-01,0,7,6,1,5,3,1,4,2,3,4,2,8,2,5,2,0,2,0,6,0,6
1492,54-502-013-01,5,5,2,3,3,6,3,4,2,3,3,2,6,3,1,1,6,3,0,7,1,6
1493,54-502-015-01,5,2,1,5,5,6,0,6,2,2,2,1,5,2,2,3,6,5,0,6,1,5
1494,54-502-015-02,0,0,0,0,2,5,0,5,1,5,5,1,6,3,4,0,8,6,0,0,0,5
1495,54-502-016-02,5,5,2,2,5,2,0,5,1,2,2,2,3,2,3,5,6,5,0,2,2,2
1496,54-502-020-02,0,3,3,0,2,3,0,4,0,0,2,2,5,2,3,2,6,6,0,0,0,1
1497,54-502-021-01,1,2,0,6,6,5,3,5,1,3,5,1,6,1,3,1,8,0,0,6,0,8
1498,54-502-022-02,2,5,3,6,6,3,0,3,1,6,6,2,8,3,4,0,6,3,0,7,2,4
1499,54-504-007-01,0,1,0,0,3,3,1,2,0,5,5,1,6,1,1,1,6,2,0,5,0,5
1500,54-702-023-01,0,4,1,4,4,4,1,4,1,2,4,1,4,2,2,2,4,4,0,4,3,4
1501,54-702-022-02,0,3,3,4,4,5,0,5,2,4,4,3,4,4,3,4,4,4,0,4,0,4
1502,54-702-020-01,2,4,2,0,5,5,1,5,1,3,5,2,6,2,3,0,6,0,0,6,0,5
1503,54-002-056-01,3,4,0,4,4,4,0,4,0,3,5,1,7,0,6,0,5,5,0,6,0,8
1504,54-002-056-02,2,5,5,4,4,5,1,5,3,3,4,3,5,3,2,0,5,0,0,7,0,6
1505,54-002-057-01,1,2,2,2,8,1,0,2,1,0,3,0,3,3,3,0,0,0,0,8,0,8
1506,54-002-058-01,6,4,1,0,5,3,0,5,3,3,5,0,6,1,3,1,6,0,0,8,1,5
1507,54-002-163-01,1,2,1,2,5,5,2,5,1,3,3,2,6,2,2,1,5,6,0,5,0,3
1508,54-103-033-01,3,5,3,3,3,5,0,5,3,0,3,3,5,4,3,0,6,2,0,6,0,3
1509,54-102-241-01,4,3,3,1,3,4,0,4,2,3,3,2,4,3,2,3,6,5,0,7,0,4
1510,54-102-251-01,0,6,1,5,5,5,3,3,0,3,3,3,3,3,1,2,6,7,0,6,0,6
1511,54-102-240-01,0,5,2,1,3,3,0,3,1,2,3,2,3,3,0,3,7,3,0,6,0,2
1512,54-103-075-01,5,6,3,3,3,4,2,3,3,3,3,3,5,3,2,2,6,5,0,6,0,4
1513,54-103-122-01,3,3,2,5,5,2,1,3,1,3,5,1,6,2,3,0,6,7,0,6,2,2
1514,54-103-116-02,2,5,1,1,6,3,0,3,1,5,5,1,7,3,2,0,8,0,0,6,3,5
1515,54-103-115-01,3,5,0,5,5,6,1,3,0,2,2,3,6,5,3,0,6,6,0,6,1,4
1516,54-103-111-02,4,3,4,3,5,3,3,4,0,2,2,2,6,3,3,2,6,5,0,6,3,5
1517,54-103-110-02,2,5,3,3,5,6,1,3,0,3,4,5,3,3,3,3,6,5,0,8,1,6
1518,54-103-109-02,2,6,3,3,5,5,1,5,1,2,3,1,6,1,3,3,7,0,0,8,0,6
1519,54-103-107-01,6,5,3,3,4,5,0,4,0,1,3,3,2,3,1,0,6,5,0,6,0,0
1520,54-103-072-01,0,5,3,1,5,5,1,3,2,5,5,1,5,2,2,0,6,5,0,6,1,3
1521,54-103-068-01,5,3,2,4,5,2,0,4,1,3,3,1,5,4,2,1,0,2,0,6,1,0
1522,54-103-064-02,5,3,1,3,3,2,0,4,2,3,3,1,6,2,3,2,6,5,0,6,2,1
1523,54-103-062-01,0,5,4,6,6,6,1,5,2,2,3,2,3,3,2,0,5,6,0,6,1,3
1524,54-103-055-01,2,3,3,3,3,4,3,3,1,1,3,1,5,4,1,1,6,5,0,7,0,4
1525,54-103-049-02,2,2,2,2,3,2,0,3,1,2,3,2,3,2,2,3,6,5,0,7,0,3
1526,54-103-086-01,1,5,3,5,5,5,3,5,3,3,4,3,5,3,3,0,6,0,0,6,0,3
1527,54-103-092-01,1,5,1,3,3,1,0,4,1,3,3,3,2,3,2,2,6,1,0,7,3,2
1528,54-701-040-01,6,3,2,3,3,6,0,3,1,1,3,3,6,2,2,3,6,5,0,7,2,6
1529,54-701-042-01,2,6,5,5,5,5,1,5,3,3,5,3,6,3,3,3,6,5,0,8,2,3
1530,54-701-038-01,1,4,2,3,4,4,1,3,1,2,2,1,3,2,1,1,6,4,0,7,1,3
1531,54-701-044-01,1,1,1,2,2,3,1,3,1,3,3,2,6,2,2,2,4,0,2,6,0,3
1532,54-103-019-01,5,3,1,5,5,6,1,4,1,3,3,1,7,3,1,0,7,1,1,7,1,4
1533,54-103-046-01,0,3,1,6,6,4,1,4,3,3,3,2,3,3,3,1,5,5,1,6,0,4
1534,54-102-239-01,3,4,3,1,6,5,0,4,3,3,3,2,4,3,3,1,6,5,1,4,1,3
1535,54-102-116-01,5,5,5,5,5,5,1,5,5,3,3,3,6,5,3,5,5,1,0,5,0,5
1536,54-102-115-01,0,4,4,3,3,5,1,5,2,2,3,3,5,3,2,0,6,5,0,6,0,5
1537,54-102-114-01,2,4,3,3,4,6,0,5,1,4,4,3,8,2,3,0,7,2,1,8,0,6
1538,54-103-006-01,5,3,0,5,6,6,3,4,1,3,5,2,5,1,2,0,2,6,1,3,2,3
1539,54-701-043-01,1,6,2,2,2,6,1,4,1,3,5,3,6,2,3,2,6,1,0,7,0,5
1540,54-701-042-02,4,5,5,5,5,6,0,5,0,5,5,2,5,3,5,3,6,3,0,6,1,6
1541,54-701-041-02,0,4,3,0,3,3,3,4,2,2,3,4,5,3,3,2,5,0,0,0,0,2
1542,54-701-039-02,0,0,0,0,3,2,0,4,1,0,1,1,5,5,3,1,6,1,2,7,1,1
1543,54-702-001-02,5,5,5,1,5,5,3,5,5,3,5,1,6,1,3,1,6,6,0,8,0,5
1544,54-702-001-01,1,2,1,1,5,5,0,5,1,6,6,1,6,2,2,0,6,1,0,5,1,2
1545,54-102-113-01,0,5,1,5,5,5,0,5,1,2,5,3,6,2,3,0,6,5,0,0,0,5
1546,54-102-112-01,5,5,3,5,6,5,0,5,2,4,5,3,6,3,3,2,5,6,0,8,5,5
1547,54-103-005-01,5,2,1,5,5,2,2,5,0,2,2,2,5,3,2,0,6,5,0,6,1,5
1548,54-103-027-01,2,2,0,4,4,3,1,3,2,3,3,1,2,3,3,1,1,1,0,8,0,3
1549,54-103-034-01,0,2,3,3,3,6,2,5,0,1,3,1,7,5,2,0,6,5,0,6,0,3
1550,54-103-041-01,0,5,4,5,5,4,2,4,2,2,5,2,6,3,3,0,7,7,0,6,0,2
1551,54-103-042-01,5,5,3,5,5,5,5,5,2,3,3,3,5,4,5,0,6,0,0,6,0,5
1552,54-103-044-01,5,3,3,2,3,5,2,3,2,3,3,3,6,3,3,2,6,0,0,7,0,2
1553,54-103-045-02,1,3,2,4,4,4,0,4,0,3,3,3,6,3,3,1,6,6,0,6,0,5
1554,54-103-048-01,0,5,5,5,5,4,0,5,2,3,4,3,6,3,3,0,7,5,0,8,0,5
1555,54-103-060-02,1,2,2,3,4,3,1,3,1,3,3,3,5,2,2,2,1,1,0,6,1,3
1556,54-103-069-02,3,3,0,4,4,4,0,2,0,2,5,2,6,2,3,3,0,6,0,7,2,4
1557,54-103-078-01,0,5,2,4,4,5,2,3,0,2,3,1,3,3,2,0,6,5,0,8,1,3
1558,54-103-100-01,1,1,1,1,2,5,3,3,3,1,3,2,2,1,2,1,6,0,0,6,1,2
1559,54-103-106-02,5,4,3,5,5,5,0,5,1,2,3,3,6,5,3,0,6,5,0,6,0,3
1560,54-103-111-01,0,5,1,5,5,5,0,3,0,1,5,1,6,3,3,0,0,5,0,6,0,5
1561,54-103-119-01,0,3,3,5,5,6,3,5,0,3,5,3,6,3,3,1,0,6,0,7,0,6
1562,54-102-111-01,4,4,2,6,6,5,1,5,2,2,5,3,5,3,3,0,7,0,0,6,0,8
1563,54-002-162-01,1,1,0,0,3,5,0,3,1,2,2,2,6,2,3,0,6,5,0,7,0,4
1564,54-002-161-01,2,4,0,3,5,6,0,5,1,2,3,2,6,1,3,2,8,1,0,8,0,7
1565,54-002-160-01,2,5,2,4,4,5,0,5,1,3,5,3,5,3,2,2,6,5,0,7,0,5
1566,54-002-166-01,1,5,0,5,5,5,0,3,0,3,3,3,5,3,2,0,6,0,0,6,3,5
1567,54-102-143-01,0,3,3,5,5,5,0,4,3,3,5,0,5,3,2,0,6,0,0,8,0,5
1568,54-102-145-01,3,5,2,5,5,5,2,5,1,3,5,1,6,3,3,1,7,0,0,6,0,7
1569,54-102-146-01,1,3,3,3,5,3,0,3,2,6,6,1,1,3,2,0,6,5,0,7,3,2
1570,54-102-147-01,3,5,3,3,3,5,2,3,1,2,3,5,6,5,3,0,7,5,0,7,0,7
1571,54-102-134-01,2,5,3,4,5,5,0,5,0,0,5,1,0,3,2,5,5,0,0,5,0,3
1572,54-602-020-01,0,5,0,0,5,5,1,5,0,3,3,1,7,3,2,2,5,0,0,8,0,5
1573,54-001-040-01,3,3,1,5,5,5,1,5,1,2,2,1,6,5,2,1,6,5,1,7,1,2
1574,54-102-136-01,5,5,3,5,5,5,2,5,0,3,3,3,5,5,3,1,5,0,0,0,0,5
1575,54-102-135-01,5,3,5,3,3,5,0,5,5,2,5,4,5,5,2,5,5,5,0,5,1,5
1576,54-102-137-01,2,5,2,5,5,5,1,5,0,2,3,1,5,3,5,0,6,2,0,6,0,5
1577,54-102-138-01,5,3,3,3,5,4,0,5,2,3,3,3,5,3,3,3,3,1,0,3,0,3
1578,54-102-140-01,3,3,0,6,6,4,3,5,2,3,5,2,7,5,3,2,7,5,0,7,3,0
1579,54-102-237-01,3,3,4,3,3,6,0,5,2,5,5,3,6,3,3,3,6,6,0,7,0,5
1580,54-102-148-01,1,5,5,0,2,4,4,5,0,1,2,1,6,1,3,2,6,1,0,8,0,5
1581,54-602-021-01,6,3,3,0,6,4,1,5,4,5,5,3,5,3,2,3,2,5,2,1,2,6
1582,54-001-070-01,3,2,2,2,3,3,1,4,1,2,2,2,5,3,3,3,6,6,0,6,0,1
1583,54-001-077-01,6,6,4,6,6,4,2,5,0,5,5,2,6,3,3,0,6,2,0,7,0,4
1584,54-102-149-01,5,3,3,3,3,5,1,3,0,3,3,3,5,3,0,0,6,5,0,6,0,2
1585,54-102-150-01,3,5,1,0,2,2,0,5,0,2,2,5,5,2,3,0,6,0,0,8,0,3
1586,54-102-151-01,5,5,2,5,5,4,2,5,0,3,3,2,5,5,1,5,6,1,0,6,0,5
1587,54-102-121-01,1,2,2,5,5,7,0,5,2,2,3,3,5,3,3,1,7,0,0,7,0,8
1588,54-102-122-01,2,5,2,2,5,3,0,5,3,4,4,3,5,3,3,3,6,0,0,4,0,3
1589,54-102-123-01,5,2,1,1,5,3,1,5,2,5,5,2,5,2,2,0,6,6,0,1,2,5
1590,54-102-124-01,0,0,1,1,3,2,0,3,0,3,3,2,5,2,2,5,5,5,0,6,0,3
1591,54-102-141-01,5,5,4,5,5,5,3,5,3,5,5,3,5,5,5,1,6,6,0,6,0,5
1592,54-102-144-01,5,5,2,5,5,5,0,5,2,3,3,1,5,1,1,3,6,5,3,7,0,6
1593,54-102-142-01,3,3,3,0,3,5,3,3,1,3,3,3,5,3,3,0,6,5,0,6,0,5
1594,54-503-001-01,5,4,0,0,5,6,0,4,0,2,2,1,7,5,1,0,5,6,0,8,0,5
1595,54-501-048-01,5,5,1,1,2,5,3,3,2,1,3,2,6,3,1,1,6,5,0,7,1,4
1596,54-501-078-01,0,5,3,5,5,3,0,7,1,0,5,3,6,3,3,3,7,0,0,5,1,5
1597,54-501-014-02,0,3,0,5,6,6,0,3,0,3,3,3,7,2,3,3,6,5,0,5,1,5
